transfer_id,client_id,asset_type,asset_name,ticker,quantity_requested,quantity_received,requested_value,settled_value,origin_custodian,destination_custodian,transfer_type,transfer_direction,request_date,expected_settlement_date,actual_settlement_date,current_stage,status,priority,responsible_team,documentation_complete,exception_flag,exception_type,lifecycle_status,sla_days,elapsed_days,sla_status,reconciliation_status,operational_risk,quantity_difference,quantity_reconciliation,value_difference,value_reconciliation,reconciliation_result,reconciliation_severity,risk_score,risk_drivers,final_risk_level
AT00001,CL93810,Equities,Apple Inc.,AAPL,2263,2263,362535.62,362535.62,BNY Mellon,J.P. Morgan,Internal,Outbound,2026-08-03,2026-08-04,2026-08-04,Completed,Completed,Low,Settlement,True,False,,Completed,2,47,Within SLA,Matched,Low,0,Matched,0.0,Matched,Matched,,0,No Active Risk,Low
AT00002,CL95181,Funds,Global Equity Fund,GEF,3729,3729,470106.91,470106.91,J.P. Morgan,State Street,External,Outbound,2026-08-18,2026-08-20,2026-08-20,Completed,Completed,Medium,Transfers,True,False,,Completed,5,32,Within SLA,Matched,Low,0,Matched,0.0,Matched,Matched,,0,No Active Risk,Low
AT00003,CL57052,Bonds,Brazilian Government Bond,BRGOV,145,145,153906.72,153906.72,Northern Trust,J.P. Morgan,External,Inbound,2026-09-05,2026-09-08,,In Transit,In Progress,Medium,Settlement,True,False,,In Transit,5,14,Outside SLA,Pending,High,0,Matched,0.0,Matched,Matched,,30,SLA Breach,Medium
AT00004,CL19116,Equities,Microsoft Corp.,MSFT,2380,2380,1174172.25,1174172.25,BNY Mellon,J.P. Morgan,External,Outbound,2026-08-30,2026-09-02,2026-09-02,Completed,Completed,Medium,Transfers,True,False,,Completed,5,20,Within SLA,Matched,Low,0,Matched,0.0,Matched,Matched,,0,No Active Risk,Low
AT00005,CL89840,ETFs,iShares MSCI Brazil ETF,EWZ,2015,2015,281840.81,281840.81,Northern Trust,State Street,Internal,Outbound,2026-08-04,2026-08-06,,Reconciliation,In Progress,Medium,Transfers,True,False,,Pending Reconciliation,2,46,Outside SLA,Pending,High,0,Matched,0.0,Matched,Matched,,30,SLA Breach,Medium
AT00006,CL37653,Bonds,US Treasury 10Y,UST10Y,345,345,344946.96,344946.96,Northern Trust,BNY Mellon,External,Inbound,2026-08-16,2026-08-21,2026-08-22,Completed,Completed,Medium,Reconciliation,True,False,,Completed,5,34,Within SLA,Matched,Low,0,Matched,0.0,Matched,Matched,,0,No Active Risk,Low
AT00007,CL38746,ETFs,iShares MSCI Brazil ETF,EWZ,4052,4052,405200.72,405200.72,J.P. Morgan,BNY Mellon,Internal,Inbound,2026-09-13,2026-09-17,2026-09-18,Completed,Completed,Medium,Reconciliation,True,False,,Completed,2,6,Within SLA,Matched,Low,0,Matched,0.0,Matched,Matched,,0,No Active Risk,Low
AT00008,CL82512,Equities,Apple Inc.,AAPL,4408,4408,1709841.2,1709841.2,State Street,J.P. Morgan,External,Outbound,2026-08-11,2026-08-15,2026-08-15,Completed,Completed,Low,Transfers,True,False,,Completed,5,39,Within SLA,Matched,Low,0,Matched,0.0,Matched,Matched,,0,No Active Risk,Low
AT00009,CL91959,Bonds,Brazilian Government Bond,BRGOV,269,269,274862.6,274862.6,BNY Mellon,Northern Trust,Internal,Inbound,2026-09-08,2026-09-11,2026-09-11,Completed,Completed,Medium,Settlement,True,False,,Completed,2,11,Within SLA,Matched,Low,0,Matched,0.0,Matched,Matched,,0,No Active Risk,Low
AT00010,CL17592,ETFs,iShares MSCI Brazil ETF,EWZ,655,655,63606.66,59668.29,Northern Trust,J.P. Morgan,Internal,Inbound,2026-09-12,2026-09-16,,Approval,Exception,High,Settlement,True,True,Value Difference,Exception,2,7,Outside SLA,Pending,Critical,0,Matched,3938.3700000000026,Difference,Value Difference,Medium,100,SLA Breach | Value Difference | High Priority,Critical
AT00011,CL50857,Funds,Emerging Markets Fund,EMF,3109,3109,307349.57,307349.57,Itaú Custódia,Northern Trust,Internal,Inbound,2026-08-15,2026-08-16,2026-08-16,Completed,Completed,Low,Transfers,True,False,,Completed,2,35,Within SLA,Matched,Low,0,Matched,0.0,Matched,Matched,,0,No Active Risk,Low
AT00012,CL92719,Equities,Microsoft Corp.,MSFT,562,562,257080.72,257080.72,State Street,J.P. Morgan,Internal,Outbound,2026-09-12,2026-09-16,2026-09-16,Completed,Completed,High,Custody Operations,True,False,,Completed,2,7,Within SLA,Matched,Medium,0,Matched,0.0,Matched,Matched,,15,High Priority,Low
AT00013,CL41850,Funds,Global Fixed Income Fund,GIF,1609,1609,59498.64,59498.64,Northern Trust,State Street,External,Outbound,2026-08-30,2026-08-31,2026-08-31,Completed,Exception,Medium,Reconciliation,False,True,Missing Documentation,Exception,5,20,Outside SLA,Pending,Critical,0,Matched,0.0,Matched,Matched,,55,SLA Breach | Missing Documentation,High
AT00014,CL24322,ETFs,SPDR S&P 500 ETF,SPY,1568,1568,540892.83,540892.83,BNY Mellon,Itaú Custódia,Internal,Outbound,2026-08-30,2026-09-01,,Validation,In Progress,High,Transfers,True,False,,Pending Approval,2,20,Outside SLA,Pending,High,0,Matched,0.0,Matched,Matched,,45,SLA Breach | High Priority,High
AT00015,CL16630,Equities,Apple Inc.,AAPL,1946,1946,242938.64,242938.64,Northern Trust,Itaú Custódia,Internal,Outbound,2026-08-04,2026-08-06,2026-08-07,Completed,Completed,Medium,Reconciliation,True,False,,Completed,2,46,Within SLA,Matched,Low,0,Matched,0.0,Matched,Matched,,0,No Active Risk,Low
AT00016,CL65444,Funds,Global Equity Fund,GEF,1605,1605,117818.89,117818.89,J.P. Morgan,BNY Mellon,External,Inbound,2026-08-04,2026-08-09,2026-08-09,Completed,Exception,Medium,Transfers,False,True,Missing Documentation,Exception,5,46,Outside SLA,Pending,Critical,0,Matched,0.0,Matched,Matched,,55,SLA Breach | Missing Documentation,High
AT00017,CL34356,Equities,Alphabet Inc.,GOOGL,566,566,200276.64,200276.64,BNY Mellon,Itaú Custódia,Internal,Inbound,2026-09-07,2026-09-12,2026-09-12,Completed,Completed,High,Reconciliation,True,False,,Completed,2,12,Within SLA,Matched,Medium,0,Matched,0.0,Matched,Matched,,15,High Priority,Low
AT00018,CL44179,ETFs,iShares MSCI Brazil ETF,EWZ,2583,2583,468239.2,468239.2,Northern Trust,BNY Mellon,External,Outbound,2026-08-21,2026-08-22,2026-08-22,Completed,Exception,High,Reconciliation,False,True,Missing Documentation,Exception,5,29,Outside SLA,Pending,Critical,0,Matched,0.0,Matched,Matched,,70,SLA Breach | Missing Documentation | High Priority,Critical
AT00019,CL27361,Bonds,US Treasury 10Y,UST10Y,460,460,436474.17,436474.17,State Street,BNY Mellon,External,Outbound,2026-09-09,2026-09-14,2026-09-14,Completed,Completed,Low,Settlement,True,False,,Completed,5,10,Within SLA,Matched,Low,0,Matched,0.0,Matched,Matched,,0,No Active Risk,Low
AT00020,CL44664,Equities,Apple Inc.,AAPL,4542,4542,544819.98,544819.98,State Street,BNY Mellon,External,Inbound,2026-09-13,2026-09-16,2026-09-16,Completed,Completed,Low,Transfers,True,False,,Completed,5,6,Within SLA,Matched,Low,0,Matched,0.0,Matched,Matched,,0,No Active Risk,Low
AT00021,CL93136,Funds,Global Fixed Income Fund,GIF,411,411,8482.31,8482.31,BNY Mellon,Northern Trust,Internal,Outbound,2026-09-05,2026-09-09,2026-09-09,Completed,Exception,Medium,Settlement,False,True,Missing Documentation,Exception,2,14,Outside SLA,Pending,Critical,0,Matched,0.0,Matched,Matched,,55,SLA Breach | Missing Documentation,High
AT00022,CL81511,Equities,Amazon.com Inc.,AMZN,4781,4781,1427780.12,1427780.12,Northern Trust,BNY Mellon,Internal,Outbound,2026-08-24,2026-08-25,,Approval,In Progress,High,Transfers,True,False,,Pending Approval,2,26,Outside SLA,Pending,High,0,Matched,0.0,Matched,Matched,,45,SLA Breach | High Priority,High
AT00023,CL56357,Funds,Emerging Markets Fund,EMF,1316,1316,245614.93,245614.93,BNY Mellon,State Street,Internal,Outbound,2026-08-02,2026-08-04,,Registered,In Progress,Medium,Settlement,True,False,,In Transit,2,48,Outside SLA,Pending,High,0,Matched,0.0,Matched,Matched,,30,SLA Breach,Medium
AT00024,CL44970,ETFs,iShares MSCI Brazil ETF,EWZ,895,895,233056.16,233056.16,J.P. Morgan,Itaú Custódia,Internal,Inbound,2026-08-30,2026-09-02,2026-09-02,Completed,Completed,High,Settlement,True,False,,Completed,2,20,Within SLA,Matched,Medium,0,Matched,0.0,Matched,Matched,,15,High Priority,Low
AT00025,CL62227,Bonds,US Treasury 5Y,UST5Y,452,452,413075.64,413075.64,State Street,Northern Trust,External,Outbound,2026-08-02,2026-08-03,,Registered,In Progress,Medium,Transfers,True,False,,In Transit,5,48,Outside SLA,Pending,High,0,Matched,0.0,Matched,Matched,,30,SLA Breach,Medium
AT00026,CL24208,Funds,Global Fixed Income Fund,GIF,2619,2619,258104.8,258104.8,Itaú Custódia,J.P. Morgan,External,Inbound,2026-08-17,2026-08-18,,Validation,In Progress,High,Settlement,True,False,,Pending Approval,5,33,Outside SLA,Pending,High,0,Matched,0.0,Matched,Matched,,45,SLA Breach | High Priority,High
AT00027,CL57739,Funds,Global Equity Fund,GEF,2754,2754,363990.6,363990.6,J.P. Morgan,Northern Trust,External,Outbound,2026-08-21,2026-08-25,2026-08-25,Completed,Completed,High,Custody Operations,True,False,,Completed,5,29,Within SLA,Matched,Medium,0,Matched,0.0,Matched,Matched,,15,High Priority,Low
AT00028,CL98777,ETFs,iShares MSCI Brazil ETF,EWZ,4672,4672,1006920.8,1006920.8,Itaú Custódia,J.P. Morgan,External,Outbound,2026-08-14,2026-08-18,,In Transit,In Progress,Medium,Custody Operations,True,False,,In Transit,5,36,Outside SLA,Pending,High,0,Matched,0.0,Matched,Matched,,30,SLA Breach,Medium
AT00029,CL67954,ETFs,iShares MSCI Brazil ETF,EWZ,3886,3886,1890750.67,1890750.67,BNY Mellon,J.P. Morgan,External,Outbound,2026-08-06,2026-08-08,2026-08-08,Completed,Completed,Low,Transfers,True,False,,Completed,5,44,Within SLA,Matched,Low,0,Matched,0.0,Matched,Matched,,0,No Active Risk,Low
AT00030,CL16057,ETFs,Invesco QQQ,QQQ,606,606,182090.21,182090.21,Itaú Custódia,BNY Mellon,External,Outbound,2026-08-26,2026-08-28,2026-08-28,Completed,Completed,Low,Custody Operations,True,False,,Completed,5,24,Within SLA,Matched,Low,0,Matched,0.0,Matched,Matched,,0,No Active Risk,Low
AT00031,CL38683,ETFs,iShares MSCI Brazil ETF,EWZ,4253,4253,1299301.86,1299301.86,Itaú Custódia,BNY Mellon,Internal,Outbound,2026-08-09,2026-08-13,2026-08-13,Completed,Completed,Medium,Custody Operations,True,False,,Completed,2,41,Within SLA,Matched,Low,0,Matched,0.0,Matched,Matched,,0,No Active Risk,Low
AT00032,CL81810,Funds,Global Equity Fund,GEF,3938,3938,397787.45,397787.45,BNY Mellon,Northern Trust,External,Inbound,2026-08-18,2026-08-22,2026-08-22,Completed,Completed,Medium,Reconciliation,True,False,,Completed,5,32,Within SLA,Matched,Low,0,Matched,0.0,Matched,Matched,,0,No Active Risk,Low
AT00033,CL80798,Equities,Microsoft Corp.,MSFT,1245,1245,191814.24,191814.24,BNY Mellon,State Street,Internal,Outbound,2026-08-27,2026-08-30,2026-08-31,Completed,Exception,High,Custody Operations,False,True,Missing Documentation,Exception,2,23,Outside SLA,Pending,Critical,0,Matched,0.0,Matched,Matched,,70,SLA Breach | Missing Documentation | High Priority,Critical
AT00034,CL86556,Equities,Alphabet Inc.,GOOGL,3126,3126,827267.39,827267.39,State Street,Northern Trust,External,Outbound,2026-09-04,2026-09-09,,Approval,In Progress,Medium,Custody Operations,True,False,,Pending Approval,5,15,Outside SLA,Pending,High,0,Matched,0.0,Matched,Matched,,30,SLA Breach,Medium
AT00035,CL73654,Equities,NVIDIA Corp.,NVDA,2763,2763,969794.02,969794.02,Northern Trust,BNY Mellon,External,Inbound,2026-09-09,2026-09-14,2026-09-15,Completed,Completed,High,Transfers,True,False,,Completed,5,10,Within SLA,Matched,Medium,0,Matched,0.0,Matched,Matched,,15,High Priority,Low
AT00036,CL21003,Funds,Global Equity Fund,GEF,3832,3832,201989.41,201989.41,State Street,Itaú Custódia,External,Inbound,2026-08-30,2026-09-02,2026-09-03,Completed,Completed,Medium,Reconciliation,True,False,,Completed,5,20,Within SLA,Matched,Low,0,Matched,0.0,Matched,Matched,,0,No Active Risk,Low
AT00037,CL20735,Funds,Global Equity Fund,GEF,4468,4468,131249.33,131249.33,State Street,BNY Mellon,Internal,Inbound,2026-08-02,2026-08-04,2026-08-04,Completed,Completed,Low,Settlement,True,False,,Completed,2,48,Within SLA,Matched,Low,0,Matched,0.0,Matched,Matched,,0,No Active Risk,Low
AT00038,CL72070,Equities,Alphabet Inc.,GOOGL,1795,1795,465381.2,465381.2,State Street,Northern Trust,Internal,Inbound,2026-08-11,2026-08-14,2026-08-14,Completed,Completed,High,Custody Operations,True,False,,Completed,2,39,Within SLA,Matched,Medium,0,Matched,0.0,Matched,Matched,,15,High Priority,Low
AT00039,CL61990,ETFs,SPDR S&P 500 ETF,SPY,4860,4860,2089012.33,2089012.33,BNY Mellon,J.P. Morgan,External,Inbound,2026-09-06,2026-09-07,2026-09-08,Completed,Completed,Low,Reconciliation,True,False,,Completed,5,13,Within SLA,Matched,Low,0,Matched,0.0,Matched,Matched,,0,No Active Risk,Low
AT00040,CL11658,Funds,Global Fixed Income Fund,GIF,914,914,89603.27,86889.88,State Street,Itaú Custódia,Internal,Outbound,2026-08-12,2026-08-17,,Sent to Custodian,Exception,High,Custody Operations,True,True,Value Difference,Exception,2,38,Outside SLA,Pending,Critical,0,Matched,2713.3899999999994,Difference,Value Difference,Medium,100,SLA Breach | Value Difference | High Priority,Critical
AT00041,CL87656,Bonds,US Treasury 5Y,UST5Y,446,446,423298.17,423298.17,J.P. Morgan,Northern Trust,External,Inbound,2026-08-30,2026-09-04,2026-09-05,Completed,Completed,Medium,Reconciliation,True,False,,Completed,5,20,Within SLA,Matched,Low,0,Matched,0.0,Matched,Matched,,0,No Active Risk,Low
AT00042,CL33834,Funds,Global Equity Fund,GEF,2956,2956,483630.64,483630.64,State Street,Northern Trust,External,Inbound,2026-09-03,2026-09-05,2026-09-06,Completed,Completed,Low,Custody Operations,True,False,,Completed,5,16,Within SLA,Matched,Low,0,Matched,0.0,Matched,Matched,,0,No Active Risk,Low
AT00043,CL94659,Funds,Global Fixed Income Fund,GIF,191,191,7019.17,7019.17,BNY Mellon,Itaú Custódia,Internal,Outbound,2026-09-12,2026-09-17,2026-09-17,Completed,Completed,High,Reconciliation,True,False,,Completed,2,7,Within SLA,Matched,Medium,0,Matched,0.0,Matched,Matched,,15,High Priority,Low
AT00044,CL56112,Funds,Global Fixed Income Fund,GIF,2561,2561,167112.07,167112.07,J.P. Morgan,State Street,External,Inbound,2026-09-04,2026-09-06,2026-09-07,Completed,Completed,High,Reconciliation,True,False,,Completed,5,15,Within SLA,Matched,Medium,0,Matched,0.0,Matched,Matched,,15,High Priority,Low
AT00045,CL23176,ETFs,Invesco QQQ,QQQ,1873,1873,465411.63,465411.63,State Street,J.P. Morgan,Internal,Outbound,2026-08-03,2026-08-04,2026-08-04,Completed,Completed,Medium,Transfers,True,False,,Completed,2,47,Within SLA,Matched,Low,0,Matched,0.0,Matched,Matched,,0,No Active Risk,Low
AT00046,CL11607,Bonds,US Treasury 5Y,UST5Y,255,255,251963.91,251963.91,BNY Mellon,J.P. Morgan,External,Outbound,2026-08-08,2026-08-09,2026-08-09,Completed,Completed,High,Transfers,True,False,,Completed,5,42,Within SLA,Matched,Medium,0,Matched,0.0,Matched,Matched,,15,High Priority,Low
AT00047,CL29887,ETFs,iShares MSCI Brazil ETF,EWZ,2499,2499,242026.9,242026.9,BNY Mellon,J.P. Morgan,External,Inbound,2026-09-03,2026-09-07,2026-09-08,Completed,Completed,High,Custody Operations,True,False,,Completed,5,16,Within SLA,Matched,Medium,0,Matched,0.0,Matched,Matched,,15,High Priority,Low
AT00048,CL50026,Equities,Alphabet Inc.,GOOGL,822,822,391613.62,391613.62,BNY Mellon,State Street,External,Inbound,2026-08-11,2026-08-13,2026-08-13,Completed,Completed,Medium,Custody Operations,True,False,,Completed,5,39,Within SLA,Matched,Low,0,Matched,0.0,Matched,Matched,,0,No Active Risk,Low
AT00049,CL87832,Funds,Global Fixed Income Fund,GIF,317,317,19548.03,19548.03,State Street,Itaú Custódia,Internal,Inbound,2026-08-17,2026-08-22,2026-08-22,Completed,Completed,High,Settlement,True,False,,Completed,2,33,Within SLA,Matched,Medium,0,Matched,0.0,Matched,Matched,,15,High Priority,Low
AT00050,CL94886,ETFs,Invesco QQQ,QQQ,1175,1175,104898.61,104898.61,BNY Mellon,Northern Trust,External,Outbound,2026-08-08,2026-08-12,2026-08-13,Completed,Completed,High,Custody Operations,True,False,,Completed,5,42,Within SLA,Matched,Medium,0,Matched,0.0,Matched,Matched,,15,High Priority,Low
AT00051,CL67377,Equities,Alphabet Inc.,GOOGL,336,336,151280.74,151280.74,State Street,Northern Trust,Internal,Inbound,2026-08-15,2026-08-20,2026-08-20,Completed,Completed,High,Reconciliation,True,False,,Completed,2,35,Within SLA,Matched,Medium,0,Matched,0.0,Matched,Matched,,15,High Priority,Low
AT00052,CL85529,Equities,Microsoft Corp.,MSFT,3864,3864,1095574.33,1095574.33,Northern Trust,State Street,Internal,Outbound,2026-09-10,2026-09-14,,Settlement,Exception,High,Transfers,True,True,Custodian Rejection,Exception,2,9,Outside SLA,Pending,Critical,0,Matched,0.0,Matched,Matched,,70,SLA Breach | Custodian Rejection | High Priority,Critical
AT00053,CL31079,Bonds,US Treasury 5Y,UST5Y,365,365,364669.24,364669.24,Northern Trust,J.P. Morgan,External,Inbound,2026-08-21,2026-08-24,2026-08-25,Completed,Completed,Low,Custody Operations,True,False,,Completed,5,29,Within SLA,Matched,Low,0,Matched,0.0,Matched,Matched,,0,No Active Risk,Low
AT00054,CL64165,Equities,Microsoft Corp.,MSFT,4257,4257,905892.63,905892.63,Northern Trust,Itaú Custódia,Internal,Inbound,2026-08-18,2026-08-23,2026-08-23,Completed,Completed,High,Custody Operations,True,False,,Completed,2,32,Within SLA,Matched,Medium,0,Matched,0.0,Matched,Matched,,15,High Priority,Low
AT00055,CL25915,Equities,Alphabet Inc.,GOOGL,1970,1970,727722.47,727722.47,State Street,J.P. Morgan,External,Inbound,2026-08-15,2026-08-16,2026-08-16,Completed,Completed,Low,Custody Operations,True,False,,Completed,5,35,Within SLA,Matched,Low,0,Matched,0.0,Matched,Matched,,0,No Active Risk,Low
AT00056,CL48254,Bonds,US Treasury 5Y,UST5Y,437,437,435470.46,435470.46,Northern Trust,BNY Mellon,External,Inbound,2026-08-25,2026-08-27,,Reconciliation,Exception,High,Reconciliation,True,True,Account Mismatch,Exception,5,25,Outside SLA,Pending,Critical,0,Matched,0.0,Matched,Matched,,70,SLA Breach | Account Mismatch | High Priority,Critical
AT00057,CL64387,Bonds,Brazilian Government Bond,BRGOV,146,146,155360.04,155360.04,State Street,Northern Trust,External,Inbound,2026-08-29,2026-09-03,2026-09-03,Completed,Completed,High,Custody Operations,True,False,,Completed,5,21,Within SLA,Matched,Medium,0,Matched,0.0,Matched,Matched,,15,High Priority,Low
AT00058,CL69682,Bonds,US Treasury 10Y,UST10Y,367,367,347828.33,347828.33,Northern Trust,BNY Mellon,External,Inbound,2026-08-21,2026-08-25,,Reconciliation,In Progress,High,Settlement,True,False,,Pending Reconciliation,5,29,Outside SLA,Pending,High,0,Matched,0.0,Matched,Matched,,45,SLA Breach | High Priority,High
AT00059,CL74923,Equities,Microsoft Corp.,MSFT,4124,4124,1997703.19,1997703.19,State Street,J.P. Morgan,External,Inbound,2026-09-03,2026-09-07,2026-09-07,Completed,Completed,High,Settlement,True,False,,Completed,5,16,Within SLA,Matched,Medium,0,Matched,0.0,Matched,Matched,,15,High Priority,Low
AT00060,CL19807,Funds,Global Fixed Income Fund,GIF,2823,2823,373163.03,373163.03,Northern Trust,J.P. Morgan,External,Outbound,2026-08-21,2026-08-25,,Validation,In Progress,Low,Reconciliation,True,False,,Pending Approval,5,29,Outside SLA,Pending,High,0,Matched,0.0,Matched,Matched,,30,SLA Breach,Medium
AT00061,CL39817,Equities,NVIDIA Corp.,NVDA,816,816,320007.75,320007.75,J.P. Morgan,Itaú Custódia,Internal,Outbound,2026-08-02,2026-08-03,2026-08-03,Completed,Completed,Medium,Custody Operations,True,False,,Completed,2,48,Within SLA,Matched,Low,0,Matched,0.0,Matched,Matched,,0,No Active Risk,Low
AT00062,CL29080,ETFs,iShares MSCI Brazil ETF,EWZ,3385,3385,1222866.57,1222866.57,BNY Mellon,State Street,Internal,Inbound,2026-09-09,2026-09-13,2026-09-13,Completed,Completed,High,Settlement,True,False,,Completed,2,10,Within SLA,Matched,Medium,0,Matched,0.0,Matched,Matched,,15,High Priority,Low
AT00063,CL40433,Funds,Emerging Markets Fund,EMF,2130,2085,218799.33,218799.33,J.P. Morgan,Itaú Custódia,External,Inbound,2026-08-05,2026-08-09,,Reconciliation,Exception,High,Custody Operations,True,True,Quantity Difference,Exception,5,45,Outside SLA,Pending,Critical,45,Difference,0.0,Matched,Quantity Difference,High,100,SLA Breach | Quantity Difference | High Priority,Critical
AT00064,CL49599,ETFs,Invesco QQQ,QQQ,3968,3968,431160.09,431160.09,Northern Trust,State Street,External,Outbound,2026-08-02,2026-08-06,2026-08-06,Completed,Completed,High,Custody Operations,True,False,,Completed,5,48,Within SLA,Matched,Medium,0,Matched,0.0,Matched,Matched,,15,High Priority,Low
AT00065,CL47512,ETFs,iShares MSCI Brazil ETF,EWZ,2896,2896,493630.43,493630.43,BNY Mellon,Northern Trust,Internal,Inbound,2026-09-10,2026-09-11,2026-09-12,Completed,Exception,High,Settlement,False,True,Missing Documentation,Exception,2,9,Outside SLA,Pending,Critical,0,Matched,0.0,Matched,Matched,,70,SLA Breach | Missing Documentation | High Priority,Critical
AT00066,CL21813,Bonds,US Treasury 5Y,UST5Y,392,392,385375.44,385375.44,BNY Mellon,State Street,External,Outbound,2026-08-11,2026-08-14,,Settlement,Exception,Medium,Reconciliation,True,True,Custodian Rejection,Exception,5,39,Outside SLA,Pending,Critical,0,Matched,0.0,Matched,Matched,,55,SLA Breach | Custodian Rejection,High
AT00067,CL25095,Funds,Global Equity Fund,GEF,1203,1203,187363.96,187363.96,BNY Mellon,Itaú Custódia,External,Inbound,2026-08-26,2026-08-27,2026-08-27,Completed,Completed,High,Reconciliation,True,False,,Completed,5,24,Within SLA,Matched,Medium,0,Matched,0.0,Matched,Matched,,15,High Priority,Low
AT00068,CL86619,Funds,Emerging Markets Fund,EMF,3093,3093,122180.61,122180.61,BNY Mellon,Itaú Custódia,Internal,Outbound,2026-09-09,2026-09-11,2026-09-12,Completed,Completed,Medium,Custody Operations,True,False,,Completed,2,10,Within SLA,Matched,Low,0,Matched,0.0,Matched,Matched,,0,No Active Risk,Low
AT00069,CL25292,ETFs,SPDR S&P 500 ETF,SPY,314,314,68263.76,68263.76,Northern Trust,J.P. Morgan,Internal,Inbound,2026-09-04,2026-09-06,2026-09-06,Completed,Completed,High,Custody Operations,True,False,,Completed,2,15,Within SLA,Matched,Medium,0,Matched,0.0,Matched,Matched,,15,High Priority,Low
AT00070,CL86983,ETFs,Invesco QQQ,QQQ,821,821,417504.11,417504.11,Itaú Custódia,Northern Trust,External,Inbound,2026-09-14,2026-09-17,2026-09-18,Completed,Completed,Medium,Transfers,True,False,,Completed,5,5,Within SLA,Matched,Low,0,Matched,0.0,Matched,Matched,,0,No Active Risk,Low
AT00071,CL99873,Bonds,Brazilian Government Bond,BRGOV,471,471,516012.77,516012.77,State Street,J.P. Morgan,External,Outbound,2026-08-13,2026-08-14,,Settlement,Exception,Medium,Transfers,True,True,Account Mismatch,Exception,5,37,Outside SLA,Pending,Critical,0,Matched,0.0,Matched,Matched,,55,SLA Breach | Account Mismatch,High
AT00072,CL16629,Bonds,US Treasury 10Y,UST10Y,74,74,78247.28,78247.28,BNY Mellon,J.P. Morgan,Internal,Inbound,2026-08-15,2026-08-18,,Reconciliation,In Progress,Low,Reconciliation,True,False,,Pending Reconciliation,2,35,Outside SLA,Pending,High,0,Matched,0.0,Matched,Matched,,30,SLA Breach,Medium
AT00073,CL28964,ETFs,iShares MSCI Brazil ETF,EWZ,2063,2063,1009183.71,1009183.71,J.P. Morgan,BNY Mellon,Internal,Inbound,2026-08-23,2026-08-25,2026-08-25,Completed,Completed,Low,Settlement,True,False,,Completed,2,27,Within SLA,Matched,Low,0,Matched,0.0,Matched,Matched,,0,No Active Risk,Low
AT00074,CL65176,Equities,Apple Inc.,AAPL,3911,3911,984491.96,984491.96,State Street,J.P. Morgan,External,Inbound,2026-09-09,2026-09-10,,Reconciliation,In Progress,Medium,Custody Operations,True,False,,Pending Reconciliation,5,10,Outside SLA,Pending,High,0,Matched,0.0,Matched,Matched,,30,SLA Breach,Medium
AT00075,CL94323,Equities,Apple Inc.,AAPL,3933,3933,1696241.33,1696241.33,Northern Trust,J.P. Morgan,External,Outbound,2026-08-05,2026-08-06,2026-08-06,Completed,Exception,High,Reconciliation,False,True,Missing Documentation,Exception,5,45,Outside SLA,Pending,Critical,0,Matched,0.0,Matched,Matched,,70,SLA Breach | Missing Documentation | High Priority,Critical
AT00076,CL59925,Bonds,US Treasury 5Y,UST5Y,268,268,273650.88,273650.88,J.P. Morgan,BNY Mellon,Internal,Outbound,2026-08-29,2026-08-31,2026-09-01,Completed,Completed,High,Transfers,True,False,,Completed,2,21,Within SLA,Matched,Medium,0,Matched,0.0,Matched,Matched,,15,High Priority,Low
AT00077,CL50966,Funds,Global Fixed Income Fund,GIF,2138,2138,186806.01,186806.01,BNY Mellon,Itaú Custódia,Internal,Inbound,2026-08-06,2026-08-07,2026-08-07,Completed,Completed,High,Transfers,True,False,,Completed,2,44,Within SLA,Matched,Medium,0,Matched,0.0,Matched,Matched,,15,High Priority,Low
AT00078,CL86869,Bonds,Brazilian Government Bond,BRGOV,72,72,70715.64,70715.64,Northern Trust,J.P. Morgan,External,Outbound,2026-08-23,2026-08-24,2026-08-24,Completed,Completed,Medium,Settlement,True,False,,Completed,5,27,Within SLA,Matched,Low,0,Matched,0.0,Matched,Matched,,0,No Active Risk,Low
AT00079,CL24184,Bonds,Brazilian Government Bond,BRGOV,198,198,182749.46,182749.46,State Street,BNY Mellon,External,Inbound,2026-09-08,2026-09-11,2026-09-11,Completed,Completed,Medium,Reconciliation,True,False,,Completed,5,11,Within SLA,Matched,Low,0,Matched,0.0,Matched,Matched,,0,No Active Risk,Low
AT00080,CL56009,Equities,Microsoft Corp.,MSFT,1183,1183,360631.03,360631.03,Northern Trust,J.P. Morgan,Internal,Inbound,2026-08-06,2026-08-11,2026-08-12,Completed,Completed,Low,Reconciliation,True,False,,Completed,2,44,Within SLA,Matched,Low,0,Matched,0.0,Matched,Matched,,0,No Active Risk,Low
AT00081,CL50846,Bonds,Brazilian Government Bond,BRGOV,315,315,288852.29,288852.29,J.P. Morgan,State Street,Internal,Inbound,2026-09-13,2026-09-14,2026-09-15,Completed,Completed,Medium,Custody Operations,True,False,,Completed,2,6,Within SLA,Matched,Low,0,Matched,0.0,Matched,Matched,,0,No Active Risk,Low
AT00082,CL45804,ETFs,iShares MSCI Brazil ETF,EWZ,942,942,225934.06,225934.06,J.P. Morgan,Northern Trust,External,Outbound,2026-08-03,2026-08-05,2026-08-05,Completed,Exception,High,Settlement,False,True,Missing Documentation,Exception,5,47,Outside SLA,Pending,Critical,0,Matched,0.0,Matched,Matched,,70,SLA Breach | Missing Documentation | High Priority,Critical
AT00083,CL27987,Bonds,US Treasury 5Y,UST5Y,177,177,163547.45,163547.45,Northern Trust,Itaú Custódia,Internal,Inbound,2026-08-25,2026-08-30,,In Transit,In Progress,High,Reconciliation,True,False,,In Transit,2,25,Outside SLA,Pending,High,0,Matched,0.0,Matched,Matched,,45,SLA Breach | High Priority,High
AT00084,CL19447,Funds,Emerging Markets Fund,EMF,396,396,39013.73,39013.73,Northern Trust,J.P. Morgan,External,Outbound,2026-09-06,2026-09-10,,Sent to Custodian,In Progress,Medium,Transfers,True,False,,In Transit,5,13,Outside SLA,Pending,High,0,Matched,0.0,Matched,Matched,,30,SLA Breach,Medium
AT00085,CL52568,ETFs,iShares MSCI Brazil ETF,EWZ,3779,3779,1918274.26,1918274.26,State Street,J.P. Morgan,External,Inbound,2026-08-16,2026-08-20,2026-08-20,Completed,Completed,Medium,Reconciliation,True,False,,Completed,5,34,Within SLA,Matched,Low,0,Matched,0.0,Matched,Matched,,0,No Active Risk,Low
AT00086,CL39041,Bonds,US Treasury 10Y,UST10Y,49,49,49102.74,49102.74,J.P. Morgan,State Street,External,Outbound,2026-09-11,2026-09-13,2026-09-13,Completed,Completed,Low,Settlement,True,False,,Completed,5,8,Within SLA,Matched,Low,0,Matched,0.0,Matched,Matched,,0,No Active Risk,Low
AT00087,CL95918,Equities,Microsoft Corp.,MSFT,4057,4057,1049865.92,1049865.92,Itaú Custódia,Northern Trust,External,Outbound,2026-08-10,2026-08-14,2026-08-15,Completed,Completed,Medium,Transfers,True,False,,Completed,5,40,Within SLA,Matched,Low,0,Matched,0.0,Matched,Matched,,0,No Active Risk,Low
AT00088,CL56129,Equities,Amazon.com Inc.,AMZN,3792,3792,960745.82,960745.82,J.P. Morgan,Northern Trust,External,Inbound,2026-09-11,2026-09-12,2026-09-13,Completed,Completed,High,Transfers,True,False,,Completed,5,8,Within SLA,Matched,Medium,0,Matched,0.0,Matched,Matched,,15,High Priority,Low
AT00089,CL68947,ETFs,Invesco QQQ,QQQ,4966,4966,1547385.56,1547385.56,BNY Mellon,J.P. Morgan,External,Inbound,2026-08-22,2026-08-23,2026-08-23,Completed,Exception,Medium,Custody Operations,False,True,Missing Documentation,Exception,5,28,Outside SLA,Pending,Critical,0,Matched,0.0,Matched,Matched,,55,SLA Breach | Missing Documentation,High
AT00090,CL67595,ETFs,Invesco QQQ,QQQ,3064,3064,1700107.08,1700107.08,Northern Trust,Itaú Custódia,External,Inbound,2026-09-10,2026-09-13,2026-09-13,Completed,Completed,Medium,Reconciliation,True,False,,Completed,5,9,Within SLA,Matched,Low,0,Matched,0.0,Matched,Matched,,0,No Active Risk,Low
AT00091,CL43029,ETFs,Invesco QQQ,QQQ,677,677,250833.06,250833.06,BNY Mellon,Northern Trust,External,Outbound,2026-08-09,2026-08-14,,Validation,In Progress,Medium,Reconciliation,True,False,,Pending Approval,5,41,Outside SLA,Pending,High,0,Matched,0.0,Matched,Matched,,30,SLA Breach,Medium
AT00092,CL26750,Equities,NVIDIA Corp.,NVDA,4175,4175,888534.54,888534.54,State Street,Northern Trust,Internal,Inbound,2026-08-22,2026-08-26,2026-08-26,Completed,Completed,Medium,Transfers,True,False,,Completed,2,28,Within SLA,Matched,Low,0,Matched,0.0,Matched,Matched,,0,No Active Risk,Low
AT00093,CL76543,Equities,Amazon.com Inc.,AMZN,1083,1083,345218.05,345218.05,BNY Mellon,State Street,Internal,Inbound,2026-08-29,2026-08-30,2026-08-30,Completed,Completed,High,Reconciliation,True,False,,Completed,2,21,Within SLA,Matched,Medium,0,Matched,0.0,Matched,Matched,,15,High Priority,Low
AT00094,CL68841,ETFs,iShares MSCI Brazil ETF,EWZ,1969,1969,433588.26,433588.26,Northern Trust,BNY Mellon,External,Outbound,2026-08-30,2026-09-02,,In Transit,In Progress,Low,Settlement,True,False,,In Transit,5,20,Outside SLA,Pending,High,0,Matched,0.0,Matched,Matched,,30,SLA Breach,Medium
AT00095,CL89254,ETFs,Invesco QQQ,QQQ,437,437,175957.38,175957.38,State Street,J.P. Morgan,Internal,Outbound,2026-08-06,2026-08-08,2026-08-08,Completed,Completed,Low,Settlement,True,False,,Completed,2,44,Within SLA,Matched,Low,0,Matched,0.0,Matched,Matched,,0,No Active Risk,Low
AT00096,CL69130,Bonds,US Treasury 10Y,UST10Y,222,222,202164.61,202164.61,Itaú Custódia,State Street,Internal,Outbound,2026-08-06,2026-08-09,2026-08-09,Completed,Completed,High,Reconciliation,True,False,,Completed,2,44,Within SLA,Matched,Medium,0,Matched,0.0,Matched,Matched,,15,High Priority,Low
AT00097,CL29142,ETFs,SPDR S&P 500 ETF,SPY,2360,2360,1308780.23,1308780.23,Northern Trust,BNY Mellon,External,Outbound,2026-09-09,2026-09-10,,Validation,Exception,Medium,Custody Operations,True,True,Account Mismatch,Exception,5,10,Outside SLA,Pending,Critical,0,Matched,0.0,Matched,Matched,,55,SLA Breach | Account Mismatch,High
AT00098,CL24573,Bonds,US Treasury 10Y,UST10Y,164,164,151596.63,151596.63,BNY Mellon,Itaú Custódia,External,Inbound,2026-08-08,2026-08-12,2026-08-12,Completed,Completed,High,Settlement,True,False,,Completed,5,42,Within SLA,Matched,Medium,0,Matched,0.0,Matched,Matched,,15,High Priority,Low
AT00099,CL28818,Bonds,US Treasury 5Y,UST5Y,10,10,10229.62,10229.62,BNY Mellon,Itaú Custódia,Internal,Inbound,2026-09-03,2026-09-06,2026-09-06,Completed,Completed,Medium,Transfers,True,False,,Completed,2,16,Within SLA,Matched,Low,0,Matched,0.0,Matched,Matched,,0,No Active Risk,Low
AT00100,CL93318,Funds,Global Fixed Income Fund,GIF,2127,2127,328657.63,328657.63,State Street,J.P. Morgan,External,Inbound,2026-09-12,2026-09-13,,Settlement,In Progress,Low,Transfers,True,False,,Pending Settlement,5,7,Outside SLA,Pending,High,0,Matched,0.0,Matched,Matched,,30,SLA Breach,Medium
AT00101,CL56176,Bonds,Brazilian Government Bond,BRGOV,99,99,105541.6,105541.6,Northern Trust,Itaú Custódia,Internal,Inbound,2026-08-05,2026-08-09,2026-08-09,Completed,Exception,High,Transfers,False,True,Missing Documentation,Exception,2,45,Outside SLA,Pending,Critical,0,Matched,0.0,Matched,Matched,,70,SLA Breach | Missing Documentation | High Priority,Critical
AT00102,CL51365,Bonds,Brazilian Government Bond,BRGOV,213,213,233836.63,233836.63,Itaú Custódia,Northern Trust,External,Inbound,2026-09-11,2026-09-13,2026-09-13,Completed,Completed,Medium,Reconciliation,True,False,,Completed,5,8,Within SLA,Matched,Low,0,Matched,0.0,Matched,Matched,,0,No Active Risk,Low
AT00103,CL26315,Bonds,US Treasury 5Y,UST5Y,465,465,455702.03,455702.03,Northern Trust,Itaú Custódia,External,Inbound,2026-09-01,2026-09-05,2026-09-05,Completed,Completed,High,Custody Operations,True,False,,Completed,5,18,Within SLA,Matched,Medium,0,Matched,0.0,Matched,Matched,,15,High Priority,Low
AT00104,CL20345,Funds,Emerging Markets Fund,EMF,1528,1528,180587.28,180587.28,State Street,J.P. Morgan,Internal,Outbound,2026-09-12,2026-09-15,2026-09-16,Completed,Completed,Medium,Reconciliation,True,False,,Completed,2,7,Within SLA,Matched,Low,0,Matched,0.0,Matched,Matched,,0,No Active Risk,Low
AT00105,CL68606,Equities,Amazon.com Inc.,AMZN,3573,3573,620093.84,620093.84,J.P. Morgan,BNY Mellon,External,Outbound,2026-09-02,2026-09-04,,Approval,Exception,High,Transfers,True,True,Settlement Delay,Exception,5,17,Outside SLA,Pending,Critical,0,Matched,0.0,Matched,Matched,,70,SLA Breach | Settlement Delay | High Priority,Critical
AT00106,CL26545,Equities,Microsoft Corp.,MSFT,3010,3010,641032.96,641032.96,Itaú Custódia,J.P. Morgan,Internal,Outbound,2026-08-24,2026-08-27,2026-08-27,Completed,Completed,High,Reconciliation,True,False,,Completed,2,26,Within SLA,Matched,Medium,0,Matched,0.0,Matched,Matched,,15,High Priority,Low
AT00107,CL62171,Bonds,Brazilian Government Bond,BRGOV,152,152,144388.19,144388.19,J.P. Morgan,BNY Mellon,Internal,Outbound,2026-09-03,2026-09-07,,Validation,Exception,Medium,Custody Operations,True,True,Custodian Rejection,Exception,2,16,Outside SLA,Pending,Critical,0,Matched,0.0,Matched,Matched,,55,SLA Breach | Custodian Rejection,High
AT00108,CL38124,Bonds,Brazilian Government Bond,BRGOV,479,479,526768.64,526768.64,BNY Mellon,J.P. Morgan,Internal,Inbound,2026-08-29,2026-08-31,,Sent to Custodian,In Progress,High,Reconciliation,True,False,,In Transit,2,21,Outside SLA,Pending,High,0,Matched,0.0,Matched,Matched,,45,SLA Breach | High Priority,High
AT00109,CL97535,Bonds,Brazilian Government Bond,BRGOV,43,43,43429.98,43429.98,State Street,Northern Trust,Internal,Inbound,2026-08-24,2026-08-29,2026-08-29,Completed,Completed,Low,Custody Operations,True,False,,Completed,2,26,Within SLA,Matched,Low,0,Matched,0.0,Matched,Matched,,0,No Active Risk,Low
AT00110,CL13445,Bonds,Brazilian Government Bond,BRGOV,303,266,295056.02,295056.02,Itaú Custódia,BNY Mellon,Internal,Inbound,2026-08-20,2026-08-24,,Settlement,Exception,High,Settlement,True,True,Quantity Difference,Exception,2,30,Outside SLA,Pending,Critical,37,Difference,0.0,Matched,Quantity Difference,High,100,SLA Breach | Quantity Difference | High Priority,Critical
AT00111,CL51553,Equities,NVIDIA Corp.,NVDA,3826,3826,1362243.65,1244779.28,State Street,BNY Mellon,Internal,Inbound,2026-08-28,2026-09-02,,Validation,Exception,High,Settlement,True,True,Value Difference,Exception,2,22,Outside SLA,Pending,Critical,0,Matched,117464.36999999988,Difference,Value Difference,Medium,100,SLA Breach | Value Difference | High Priority,Critical
AT00112,CL52291,ETFs,Invesco QQQ,QQQ,4260,4260,2309811.42,2309811.42,J.P. Morgan,Northern Trust,Internal,Outbound,2026-08-09,2026-08-12,2026-08-12,Completed,Completed,Low,Settlement,True,False,,Completed,2,41,Within SLA,Matched,Low,0,Matched,0.0,Matched,Matched,,0,No Active Risk,Low
AT00113,CL32439,Bonds,Brazilian Government Bond,BRGOV,31,31,33016.46,33016.46,J.P. Morgan,BNY Mellon,Internal,Outbound,2026-09-11,2026-09-13,,Sent to Custodian,In Progress,Low,Custody Operations,True,False,,In Transit,2,8,Outside SLA,Pending,High,0,Matched,0.0,Matched,Matched,,30,SLA Breach,Medium
AT00114,CL92203,Bonds,Brazilian Government Bond,BRGOV,499,499,479248.99,479248.99,BNY Mellon,Itaú Custódia,External,Outbound,2026-08-05,2026-08-06,2026-08-07,Completed,Completed,Low,Reconciliation,True,False,,Completed,5,45,Within SLA,Matched,Low,0,Matched,0.0,Matched,Matched,,0,No Active Risk,Low
AT00115,CL89516,ETFs,Invesco QQQ,QQQ,2625,2625,1191250.9,1191250.9,State Street,Itaú Custódia,Internal,Outbound,2026-09-02,2026-09-07,2026-09-07,Completed,Completed,Medium,Custody Operations,True,False,,Completed,2,17,Within SLA,Matched,Low,0,Matched,0.0,Matched,Matched,,0,No Active Risk,Low
AT00116,CL42495,ETFs,SPDR S&P 500 ETF,SPY,424,424,88877.44,88877.44,Northern Trust,Itaú Custódia,Internal,Inbound,2026-08-21,2026-08-26,,Approval,In Progress,Medium,Custody Operations,True,False,,Pending Approval,2,29,Outside SLA,Pending,High,0,Matched,0.0,Matched,Matched,,30,SLA Breach,Medium
AT00117,CL75373,Bonds,US Treasury 5Y,UST5Y,21,21,19278.21,19278.21,Northern Trust,Itaú Custódia,Internal,Inbound,2026-09-07,2026-09-10,2026-09-10,Completed,Completed,High,Custody Operations,True,False,,Completed,2,12,Within SLA,Matched,Medium,0,Matched,0.0,Matched,Matched,,15,High Priority,Low
AT00118,CL47453,Equities,Apple Inc.,AAPL,3540,3540,390358.37,390358.37,State Street,Northern Trust,External,Outbound,2026-08-03,2026-08-07,2026-08-07,Completed,Completed,Medium,Transfers,True,False,,Completed,5,47,Within SLA,Matched,Low,0,Matched,0.0,Matched,Matched,,0,No Active Risk,Low
AT00119,CL60639,Funds,Emerging Markets Fund,EMF,2341,2341,394589.68,394589.68,Itaú Custódia,J.P. Morgan,Internal,Inbound,2026-08-26,2026-08-29,,Registered,In Progress,Medium,Settlement,True,False,,In Transit,2,24,Outside SLA,Pending,High,0,Matched,0.0,Matched,Matched,,30,SLA Breach,Medium
AT00120,CL36090,Funds,Emerging Markets Fund,EMF,379,379,10670.59,10670.59,BNY Mellon,Northern Trust,External,Outbound,2026-08-10,2026-08-15,,Approval,In Progress,High,Reconciliation,True,False,,Pending Approval,5,40,Outside SLA,Pending,High,0,Matched,0.0,Matched,Matched,,45,SLA Breach | High Priority,High
AT00121,CL31299,Funds,Emerging Markets Fund,EMF,2501,2501,317302.97,317302.97,Itaú Custódia,Northern Trust,External,Outbound,2026-08-02,2026-08-05,2026-08-05,Completed,Completed,High,Reconciliation,True,False,,Completed,5,48,Within SLA,Matched,Medium,0,Matched,0.0,Matched,Matched,,15,High Priority,Low
AT00122,CL92478,Equities,Alphabet Inc.,GOOGL,3897,3897,660497.45,660497.45,Itaú Custódia,BNY Mellon,Internal,Outbound,2026-08-11,2026-08-16,2026-08-17,Completed,Completed,High,Settlement,True,False,,Completed,2,39,Within SLA,Matched,Medium,0,Matched,0.0,Matched,Matched,,15,High Priority,Low
AT00123,CL14138,Equities,Microsoft Corp.,MSFT,165,165,40997.11,40997.11,Northern Trust,BNY Mellon,External,Inbound,2026-08-27,2026-09-01,,Sent to Custodian,In Progress,High,Transfers,True,False,,In Transit,5,23,Outside SLA,Pending,High,0,Matched,0.0,Matched,Matched,,45,SLA Breach | High Priority,High
AT00124,CL28098,ETFs,iShares MSCI Brazil ETF,EWZ,2672,2672,1600441.37,1600441.37,Northern Trust,Itaú Custódia,External,Inbound,2026-08-30,2026-09-04,2026-09-04,Completed,Completed,High,Reconciliation,True,False,,Completed,5,20,Within SLA,Matched,Medium,0,Matched,0.0,Matched,Matched,,15,High Priority,Low
AT00125,CL89963,Funds,Global Equity Fund,GEF,2069,2069,145287.56,145287.56,State Street,BNY Mellon,External,Outbound,2026-09-15,2026-09-17,2026-09-18,Completed,Completed,Medium,Reconciliation,True,False,,Completed,5,4,Within SLA,Matched,Low,0,Matched,0.0,Matched,Matched,,0,No Active Risk,Low
AT00126,CL47721,Equities,Alphabet Inc.,GOOGL,4459,4417,984825.37,984825.37,Northern Trust,State Street,Internal,Outbound,2026-08-03,2026-08-06,,Validation,Exception,High,Custody Operations,True,True,Quantity Difference,Exception,2,47,Outside SLA,Pending,Critical,42,Difference,0.0,Matched,Quantity Difference,High,100,SLA Breach | Quantity Difference | High Priority,Critical
AT00127,CL38047,ETFs,iShares MSCI Brazil ETF,EWZ,2231,2231,1256417.02,1256417.02,State Street,BNY Mellon,Internal,Inbound,2026-08-16,2026-08-17,2026-08-17,Completed,Completed,Low,Transfers,True,False,,Completed,2,34,Within SLA,Matched,Low,0,Matched,0.0,Matched,Matched,,0,No Active Risk,Low
AT00128,CL64172,Bonds,Brazilian Government Bond,BRGOV,251,251,230947.35,230947.35,BNY Mellon,J.P. Morgan,Internal,Outbound,2026-09-11,2026-09-15,2026-09-15,Completed,Completed,Medium,Reconciliation,True,False,,Completed,2,8,Within SLA,Matched,Low,0,Matched,0.0,Matched,Matched,,0,No Active Risk,Low
AT00129,CL47409,Equities,Apple Inc.,AAPL,4713,4713,728154.21,728154.21,J.P. Morgan,State Street,External,Inbound,2026-08-03,2026-08-07,,Approval,In Progress,Medium,Transfers,True,False,,Pending Approval,5,47,Outside SLA,Pending,High,0,Matched,0.0,Matched,Matched,,30,SLA Breach,Medium
AT00130,CL11214,Bonds,Brazilian Government Bond,BRGOV,318,318,293024.32,293024.32,State Street,Northern Trust,External,Outbound,2026-08-09,2026-08-14,2026-08-14,Completed,Completed,Medium,Settlement,True,False,,Completed,5,41,Within SLA,Matched,Low,0,Matched,0.0,Matched,Matched,,0,No Active Risk,Low
AT00131,CL70150,Bonds,Brazilian Government Bond,BRGOV,105,105,94795.77,94795.77,State Street,Northern Trust,Internal,Inbound,2026-09-09,2026-09-13,,In Transit,In Progress,Medium,Transfers,True,False,,In Transit,2,10,Outside SLA,Pending,High,0,Matched,0.0,Matched,Matched,,30,SLA Breach,Medium
AT00132,CL34219,ETFs,Invesco QQQ,QQQ,2660,2660,1502112.54,1353447.28,J.P. Morgan,Northern Trust,External,Inbound,2026-08-29,2026-09-01,,Sent to Custodian,Exception,Medium,Reconciliation,True,True,Value Difference,Exception,5,21,Outside SLA,Pending,Critical,0,Matched,148665.26,Difference,Value Difference,Medium,85,SLA Breach | Value Difference,Critical
AT00133,CL40972,Equities,Apple Inc.,AAPL,3822,3822,718776.23,718776.23,Northern Trust,State Street,Internal,Outbound,2026-08-24,2026-08-29,2026-08-29,Completed,Completed,Medium,Reconciliation,True,False,,Completed,2,26,Within SLA,Matched,Low,0,Matched,0.0,Matched,Matched,,0,No Active Risk,Low
AT00134,CL64505,Funds,Emerging Markets Fund,EMF,1839,1839,288970.77,288970.77,Itaú Custódia,J.P. Morgan,External,Outbound,2026-08-05,2026-08-10,2026-08-10,Completed,Completed,Low,Settlement,True,False,,Completed,5,45,Within SLA,Matched,Low,0,Matched,0.0,Matched,Matched,,0,No Active Risk,Low
AT00135,CL53007,Funds,Global Equity Fund,GEF,1732,1732,258146.35,258146.35,Northern Trust,J.P. Morgan,External,Inbound,2026-08-30,2026-09-01,2026-09-02,Completed,Completed,High,Custody Operations,True,False,,Completed,5,20,Within SLA,Matched,Medium,0,Matched,0.0,Matched,Matched,,15,High Priority,Low
AT00136,CL98181,Bonds,Brazilian Government Bond,BRGOV,21,21,20562.98,20562.98,J.P. Morgan,State Street,Internal,Inbound,2026-08-28,2026-08-31,,In Transit,In Progress,Low,Custody Operations,True,False,,In Transit,2,22,Outside SLA,Pending,High,0,Matched,0.0,Matched,Matched,,30,SLA Breach,Medium
AT00137,CL14159,Bonds,US Treasury 5Y,UST5Y,102,102,107487.03,107487.03,Northern Trust,State Street,External,Outbound,2026-08-25,2026-08-29,2026-08-29,Completed,Completed,Medium,Transfers,True,False,,Completed,5,25,Within SLA,Matched,Low,0,Matched,0.0,Matched,Matched,,0,No Active Risk,Low
AT00138,CL33392,Funds,Emerging Markets Fund,EMF,1093,1093,165058.81,165058.81,BNY Mellon,J.P. Morgan,Internal,Outbound,2026-08-30,2026-09-04,2026-09-05,Completed,Completed,Low,Custody Operations,True,False,,Completed,2,20,Within SLA,Matched,Low,0,Matched,0.0,Matched,Matched,,0,No Active Risk,Low
AT00139,CL55371,ETFs,Invesco QQQ,QQQ,1554,1554,878904.64,878904.64,J.P. Morgan,BNY Mellon,External,Inbound,2026-08-16,2026-08-18,2026-08-18,Completed,Completed,High,Transfers,True,False,,Completed,5,34,Within SLA,Matched,Medium,0,Matched,0.0,Matched,Matched,,15,High Priority,Low
AT00140,CL42077,Equities,NVIDIA Corp.,NVDA,3605,3605,560406.89,560406.89,BNY Mellon,J.P. Morgan,Internal,Outbound,2026-08-15,2026-08-20,2026-08-20,Completed,Completed,Low,Settlement,True,False,,Completed,2,35,Within SLA,Matched,Low,0,Matched,0.0,Matched,Matched,,0,No Active Risk,Low
AT00141,CL64206,Bonds,US Treasury 5Y,UST5Y,41,41,41465.09,41465.09,Itaú Custódia,BNY Mellon,External,Outbound,2026-08-04,2026-08-07,,Settlement,Exception,Medium,Custody Operations,True,True,Custodian Rejection,Exception,5,46,Outside SLA,Pending,Critical,0,Matched,0.0,Matched,Matched,,55,SLA Breach | Custodian Rejection,High
AT00142,CL63511,ETFs,Invesco QQQ,QQQ,3093,3093,467455.72,467455.72,Itaú Custódia,Northern Trust,Internal,Inbound,2026-08-20,2026-08-22,,Validation,In Progress,Medium,Settlement,True,False,,Pending Approval,2,30,Outside SLA,Pending,High,0,Matched,0.0,Matched,Matched,,30,SLA Breach,Medium
AT00143,CL60910,ETFs,Invesco QQQ,QQQ,1675,1675,388004.78,388004.78,J.P. Morgan,Itaú Custódia,External,Inbound,2026-09-04,2026-09-06,2026-09-07,Completed,Completed,High,Transfers,True,False,,Completed,5,15,Within SLA,Matched,Medium,0,Matched,0.0,Matched,Matched,,15,High Priority,Low
AT00144,CL19539,ETFs,iShares MSCI Brazil ETF,EWZ,4588,4572,777019.49,777019.49,BNY Mellon,Northern Trust,External,Inbound,2026-08-14,2026-08-16,,Validation,Exception,Medium,Settlement,True,True,Quantity Difference,Exception,5,36,Outside SLA,Pending,Critical,16,Difference,0.0,Matched,Quantity Difference,High,85,SLA Breach | Quantity Difference,Critical
AT00145,CL61987,ETFs,iShares MSCI Brazil ETF,EWZ,2644,2644,1259952.29,1259952.29,Northern Trust,Itaú Custódia,External,Outbound,2026-08-17,2026-08-20,2026-08-21,Completed,Completed,High,Custody Operations,True,False,,Completed,5,33,Within SLA,Matched,Medium,0,Matched,0.0,Matched,Matched,,15,High Priority,Low
AT00146,CL51973,ETFs,Invesco QQQ,QQQ,2573,2573,714423.28,714423.28,Itaú Custódia,BNY Mellon,Internal,Inbound,2026-08-17,2026-08-22,,Reconciliation,Exception,High,Settlement,True,True,Custodian Rejection,Exception,2,33,Outside SLA,Pending,Critical,0,Matched,0.0,Matched,Matched,,70,SLA Breach | Custodian Rejection | High Priority,Critical
AT00147,CL53236,ETFs,Invesco QQQ,QQQ,4677,4677,2377550.58,2377550.58,Northern Trust,State Street,External,Outbound,2026-09-11,2026-09-15,2026-09-15,Completed,Completed,High,Custody Operations,True,False,,Completed,5,8,Within SLA,Matched,Medium,0,Matched,0.0,Matched,Matched,,15,High Priority,Low
AT00148,CL34123,Equities,Alphabet Inc.,GOOGL,287,287,122715.7,122715.7,J.P. Morgan,BNY Mellon,Internal,Outbound,2026-08-09,2026-08-11,2026-08-11,Completed,Exception,Medium,Custody Operations,False,True,Missing Documentation,Exception,2,41,Outside SLA,Pending,Critical,0,Matched,0.0,Matched,Matched,,55,SLA Breach | Missing Documentation,High
AT00149,CL58916,Equities,Alphabet Inc.,GOOGL,3968,3968,1375618.12,1375618.12,J.P. Morgan,BNY Mellon,External,Inbound,2026-08-02,2026-08-07,,In Transit,In Progress,Low,Custody Operations,True,False,,In Transit,5,48,Outside SLA,Pending,High,0,Matched,0.0,Matched,Matched,,30,SLA Breach,Medium
AT00150,CL33496,Equities,Apple Inc.,AAPL,4305,4305,503701.65,503701.65,BNY Mellon,Northern Trust,External,Outbound,2026-08-26,2026-08-27,2026-08-28,Completed,Completed,Low,Settlement,True,False,,Completed,5,24,Within SLA,Matched,Low,0,Matched,0.0,Matched,Matched,,0,No Active Risk,Low
AT00151,CL49318,Equities,Apple Inc.,AAPL,775,775,180090.81,180090.81,Northern Trust,Itaú Custódia,Internal,Inbound,2026-09-14,2026-09-16,2026-09-17,Completed,Completed,Medium,Transfers,True,False,,Completed,2,5,Within SLA,Matched,Low,0,Matched,0.0,Matched,Matched,,0,No Active Risk,Low
AT00152,CL79226,Equities,Microsoft Corp.,MSFT,1741,1741,793152.3,793152.3,Itaú Custódia,Northern Trust,External,Inbound,2026-08-05,2026-08-08,,In Transit,In Progress,Low,Reconciliation,True,False,,In Transit,5,45,Outside SLA,Pending,High,0,Matched,0.0,Matched,Matched,,30,SLA Breach,Medium
AT00153,CL12052,ETFs,iShares MSCI Brazil ETF,EWZ,1191,1191,552314.29,552314.29,Northern Trust,J.P. Morgan,External,Inbound,2026-09-06,2026-09-08,2026-09-09,Completed,Completed,High,Reconciliation,True,False,,Completed,5,13,Within SLA,Matched,Medium,0,Matched,0.0,Matched,Matched,,15,High Priority,Low
AT00154,CL60311,ETFs,iShares MSCI Brazil ETF,EWZ,652,652,212184.32,212184.32,State Street,J.P. Morgan,Internal,Outbound,2026-08-15,2026-08-16,2026-08-17,Completed,Completed,Medium,Transfers,True,False,,Completed,2,35,Within SLA,Matched,Low,0,Matched,0.0,Matched,Matched,,0,No Active Risk,Low
AT00155,CL93115,Bonds,US Treasury 5Y,UST5Y,261,261,246808.82,246808.82,Itaú Custódia,Northern Trust,External,Inbound,2026-09-13,2026-09-18,2026-09-18,Completed,Completed,Medium,Settlement,True,False,,Completed,5,6,Within SLA,Matched,Low,0,Matched,0.0,Matched,Matched,,0,No Active Risk,Low
AT00156,CL19634,Equities,Amazon.com Inc.,AMZN,1273,1273,281333.0,281333.0,BNY Mellon,Itaú Custódia,External,Outbound,2026-08-07,2026-08-08,2026-08-08,Completed,Completed,Medium,Transfers,True,False,,Completed,5,43,Within SLA,Matched,Low,0,Matched,0.0,Matched,Matched,,0,No Active Risk,Low
AT00157,CL27367,Equities,Microsoft Corp.,MSFT,3540,3540,892007.98,892007.98,Itaú Custódia,Northern Trust,Internal,Inbound,2026-08-06,2026-08-09,2026-08-09,Completed,Completed,Low,Reconciliation,True,False,,Completed,2,44,Within SLA,Matched,Low,0,Matched,0.0,Matched,Matched,,0,No Active Risk,Low
AT00158,CL64238,Funds,Global Equity Fund,GEF,4633,4633,847548.8,847548.8,BNY Mellon,State Street,External,Inbound,2026-08-09,2026-08-12,2026-08-13,Completed,Completed,Low,Custody Operations,True,False,,Completed,5,41,Within SLA,Matched,Low,0,Matched,0.0,Matched,Matched,,0,No Active Risk,Low
AT00159,CL46170,Funds,Global Fixed Income Fund,GIF,4016,4016,646094.05,646094.05,State Street,Northern Trust,Internal,Outbound,2026-09-08,2026-09-13,2026-09-13,Completed,Completed,Low,Custody Operations,True,False,,Completed,2,11,Within SLA,Matched,Low,0,Matched,0.0,Matched,Matched,,0,No Active Risk,Low
AT00160,CL53544,Funds,Global Fixed Income Fund,GIF,3656,3656,293403.21,293403.21,Itaú Custódia,BNY Mellon,External,Outbound,2026-09-08,2026-09-10,2026-09-10,Completed,Completed,Medium,Reconciliation,True,False,,Completed,5,11,Within SLA,Matched,Low,0,Matched,0.0,Matched,Matched,,0,No Active Risk,Low
AT00161,CL92955,Funds,Emerging Markets Fund,EMF,2035,2035,160072.13,160072.13,State Street,Itaú Custódia,External,Inbound,2026-09-06,2026-09-08,2026-09-08,Completed,Completed,High,Transfers,True,False,,Completed,5,13,Within SLA,Matched,Medium,0,Matched,0.0,Matched,Matched,,15,High Priority,Low
AT00162,CL70505,ETFs,Invesco QQQ,QQQ,2396,2396,1215263.17,1215263.17,J.P. Morgan,Itaú Custódia,External,Inbound,2026-09-10,2026-09-13,2026-09-13,Completed,Completed,Medium,Transfers,True,False,,Completed,5,9,Within SLA,Matched,Low,0,Matched,0.0,Matched,Matched,,0,No Active Risk,Low
AT00163,CL68860,Funds,Emerging Markets Fund,EMF,3333,3333,387248.38,387248.38,Northern Trust,J.P. Morgan,External,Inbound,2026-08-07,2026-08-09,2026-08-09,Completed,Completed,High,Transfers,True,False,,Completed,5,43,Within SLA,Matched,Medium,0,Matched,0.0,Matched,Matched,,15,High Priority,Low
AT00164,CL83822,Funds,Global Fixed Income Fund,GIF,3576,3576,139714.39,139714.39,J.P. Morgan,Northern Trust,Internal,Inbound,2026-08-29,2026-09-01,2026-09-01,Completed,Completed,Low,Custody Operations,True,False,,Completed,2,21,Within SLA,Matched,Low,0,Matched,0.0,Matched,Matched,,0,No Active Risk,Low
AT00165,CL23703,Bonds,US Treasury 5Y,UST5Y,481,481,525418.22,525418.22,J.P. Morgan,State Street,External,Outbound,2026-08-22,2026-08-26,,In Transit,In Progress,Medium,Transfers,True,False,,In Transit,5,28,Outside SLA,Pending,High,0,Matched,0.0,Matched,Matched,,30,SLA Breach,Medium
AT00166,CL67431,Funds,Global Fixed Income Fund,GIF,600,600,44428.52,40625.98,J.P. Morgan,BNY Mellon,External,Inbound,2026-09-13,2026-09-15,,Approval,Exception,Medium,Custody Operations,True,True,Value Difference,Exception,5,6,Outside SLA,Pending,Critical,0,Matched,3802.5399999999936,Difference,Value Difference,Medium,85,SLA Breach | Value Difference,Critical
AT00167,CL70562,ETFs,Invesco QQQ,QQQ,1521,1521,231971.98,231971.98,Northern Trust,Itaú Custódia,Internal,Inbound,2026-08-29,2026-09-03,2026-09-03,Completed,Completed,Low,Reconciliation,True,False,,Completed,2,21,Within SLA,Matched,Low,0,Matched,0.0,Matched,Matched,,0,No Active Risk,Low
AT00168,CL18200,Equities,Alphabet Inc.,GOOGL,1541,1541,330709.18,330709.18,BNY Mellon,Itaú Custódia,Internal,Outbound,2026-09-12,2026-09-16,2026-09-16,Completed,Completed,High,Custody Operations,True,False,,Completed,2,7,Within SLA,Matched,Medium,0,Matched,0.0,Matched,Matched,,15,High Priority,Low
AT00169,CL86939,Equities,Amazon.com Inc.,AMZN,2893,2893,1245387.35,1245387.35,Itaú Custódia,BNY Mellon,External,Inbound,2026-09-13,2026-09-15,2026-09-15,Completed,Completed,Low,Reconciliation,True,False,,Completed,5,6,Within SLA,Matched,Low,0,Matched,0.0,Matched,Matched,,0,No Active Risk,Low
AT00170,CL28528,Funds,Global Fixed Income Fund,GIF,4935,4935,221167.52,221167.52,Northern Trust,Itaú Custódia,Internal,Outbound,2026-09-10,2026-09-15,2026-09-15,Completed,Completed,Medium,Reconciliation,True,False,,Completed,2,9,Within SLA,Matched,Low,0,Matched,0.0,Matched,Matched,,0,No Active Risk,Low
AT00171,CL28388,ETFs,Invesco QQQ,QQQ,3704,3660,1447062.01,1447062.01,State Street,J.P. Morgan,External,Inbound,2026-08-13,2026-08-17,,Reconciliation,Exception,High,Custody Operations,True,True,Quantity Difference,Exception,5,37,Outside SLA,Pending,Critical,44,Difference,0.0,Matched,Quantity Difference,High,100,SLA Breach | Quantity Difference | High Priority,Critical
AT00172,CL68176,Funds,Global Equity Fund,GEF,727,727,88527.96,88527.96,BNY Mellon,Northern Trust,Internal,Outbound,2026-08-15,2026-08-20,2026-08-21,Completed,Completed,Medium,Transfers,True,False,,Completed,2,35,Within SLA,Matched,Low,0,Matched,0.0,Matched,Matched,,0,No Active Risk,Low
AT00173,CL85066,Equities,Amazon.com Inc.,AMZN,4459,4459,1874908.12,1874908.12,State Street,J.P. Morgan,External,Inbound,2026-08-28,2026-08-29,,Settlement,In Progress,Medium,Transfers,True,False,,Pending Settlement,5,22,Outside SLA,Pending,High,0,Matched,0.0,Matched,Matched,,30,SLA Breach,Medium
AT00174,CL68947,Bonds,US Treasury 5Y,UST5Y,451,451,479568.92,479568.92,Northern Trust,J.P. Morgan,Internal,Inbound,2026-09-07,2026-09-10,,In Transit,In Progress,Low,Settlement,True,False,,In Transit,2,12,Outside SLA,Pending,High,0,Matched,0.0,Matched,Matched,,30,SLA Breach,Medium
AT00175,CL37082,ETFs,SPDR S&P 500 ETF,SPY,4680,4680,1136999.04,1136999.04,State Street,BNY Mellon,External,Outbound,2026-08-19,2026-08-24,2026-08-24,Completed,Completed,Medium,Transfers,True,False,,Completed,5,31,Within SLA,Matched,Low,0,Matched,0.0,Matched,Matched,,0,No Active Risk,Low
AT00176,CL46349,ETFs,iShares MSCI Brazil ETF,EWZ,1097,1097,205492.76,205492.76,State Street,BNY Mellon,External,Outbound,2026-08-10,2026-08-15,2026-08-16,Completed,Completed,Low,Transfers,True,False,,Completed,5,40,Within SLA,Matched,Low,0,Matched,0.0,Matched,Matched,,0,No Active Risk,Low
AT00177,CL62802,Bonds,Brazilian Government Bond,BRGOV,489,489,525901.64,525901.64,Northern Trust,Itaú Custódia,External,Inbound,2026-08-06,2026-08-10,2026-08-10,Completed,Completed,High,Custody Operations,True,False,,Completed,5,44,Within SLA,Matched,Medium,0,Matched,0.0,Matched,Matched,,15,High Priority,Low
AT00178,CL38551,Funds,Global Equity Fund,GEF,4102,4102,280316.86,280316.86,State Street,Northern Trust,Internal,Outbound,2026-08-22,2026-08-23,2026-08-24,Completed,Exception,High,Custody Operations,False,True,Missing Documentation,Exception,2,28,Outside SLA,Pending,Critical,0,Matched,0.0,Matched,Matched,,70,SLA Breach | Missing Documentation | High Priority,Critical
AT00179,CL69836,Equities,NVIDIA Corp.,NVDA,1667,1667,830269.91,830269.91,BNY Mellon,Northern Trust,Internal,Outbound,2026-08-06,2026-08-09,2026-08-09,Completed,Completed,High,Settlement,True,False,,Completed,2,44,Within SLA,Matched,Medium,0,Matched,0.0,Matched,Matched,,15,High Priority,Low
AT00180,CL16787,Funds,Emerging Markets Fund,EMF,2552,2552,384530.01,384530.01,BNY Mellon,Itaú Custódia,Internal,Inbound,2026-08-01,2026-08-03,2026-08-03,Completed,Completed,High,Custody Operations,True,False,,Completed,2,49,Within SLA,Matched,Medium,0,Matched,0.0,Matched,Matched,,15,High Priority,Low
AT00181,CL11217,Equities,Amazon.com Inc.,AMZN,997,997,493185.7,493185.7,Northern Trust,BNY Mellon,External,Inbound,2026-08-15,2026-08-19,2026-08-19,Completed,Completed,Medium,Reconciliation,True,False,,Completed,5,35,Within SLA,Matched,Low,0,Matched,0.0,Matched,Matched,,0,No Active Risk,Low
AT00182,CL27973,Funds,Global Equity Fund,GEF,1220,1220,39423.19,39423.19,Itaú Custódia,J.P. Morgan,Internal,Outbound,2026-08-23,2026-08-25,2026-08-25,Completed,Completed,High,Custody Operations,True,False,,Completed,2,27,Within SLA,Matched,Medium,0,Matched,0.0,Matched,Matched,,15,High Priority,Low
AT00183,CL38474,Equities,Apple Inc.,AAPL,1156,1156,449222.23,449222.23,Itaú Custódia,Northern Trust,External,Outbound,2026-08-21,2026-08-23,2026-08-23,Completed,Completed,High,Reconciliation,True,False,,Completed,5,29,Within SLA,Matched,Medium,0,Matched,0.0,Matched,Matched,,15,High Priority,Low
AT00184,CL13515,Bonds,US Treasury 10Y,UST10Y,275,275,280880.98,280880.98,BNY Mellon,Itaú Custódia,External,Inbound,2026-08-16,2026-08-20,2026-08-20,Completed,Completed,High,Transfers,True,False,,Completed,5,34,Within SLA,Matched,Medium,0,Matched,0.0,Matched,Matched,,15,High Priority,Low
AT00185,CL79243,Equities,Amazon.com Inc.,AMZN,2602,2602,284638.76,284638.76,Itaú Custódia,Northern Trust,External,Inbound,2026-08-31,2026-09-01,2026-09-01,Completed,Exception,High,Transfers,False,True,Missing Documentation,Exception,5,19,Outside SLA,Pending,Critical,0,Matched,0.0,Matched,Matched,,70,SLA Breach | Missing Documentation | High Priority,Critical
AT00186,CL17925,Funds,Emerging Markets Fund,EMF,2396,2396,319009.97,319009.97,Itaú Custódia,Northern Trust,External,Outbound,2026-08-06,2026-08-11,2026-08-11,Completed,Completed,Medium,Transfers,True,False,,Completed,5,44,Within SLA,Matched,Low,0,Matched,0.0,Matched,Matched,,0,No Active Risk,Low
AT00187,CL77017,ETFs,SPDR S&P 500 ETF,SPY,4404,4404,1011654.57,1011654.57,Itaú Custódia,J.P. Morgan,External,Outbound,2026-08-16,2026-08-17,2026-08-18,Completed,Completed,High,Transfers,True,False,,Completed,5,34,Within SLA,Matched,Medium,0,Matched,0.0,Matched,Matched,,15,High Priority,Low
AT00188,CL50539,ETFs,SPDR S&P 500 ETF,SPY,113,113,49646.02,49646.02,J.P. Morgan,State Street,External,Outbound,2026-09-03,2026-09-08,,Settlement,In Progress,Medium,Settlement,True,False,,Pending Settlement,5,16,Outside SLA,Pending,High,0,Matched,0.0,Matched,Matched,,30,SLA Breach,Medium
AT00189,CL45227,Equities,Apple Inc.,AAPL,2754,2754,1137948.75,1137948.75,State Street,J.P. Morgan,External,Inbound,2026-09-01,2026-09-05,2026-09-05,Completed,Completed,High,Settlement,True,False,,Completed,5,18,Within SLA,Matched,Medium,0,Matched,0.0,Matched,Matched,,15,High Priority,Low
AT00190,CL58193,ETFs,Invesco QQQ,QQQ,852,852,461654.18,461654.18,J.P. Morgan,State Street,Internal,Inbound,2026-08-01,2026-08-03,2026-08-03,Completed,Completed,Low,Settlement,True,False,,Completed,2,49,Within SLA,Matched,Low,0,Matched,0.0,Matched,Matched,,0,No Active Risk,Low
AT00191,CL14635,Funds,Global Equity Fund,GEF,2686,2686,173750.28,173750.28,State Street,Northern Trust,Internal,Outbound,2026-08-08,2026-08-13,2026-08-13,Completed,Completed,High,Transfers,True,False,,Completed,2,42,Within SLA,Matched,Medium,0,Matched,0.0,Matched,Matched,,15,High Priority,Low
AT00192,CL62550,Equities,NVIDIA Corp.,NVDA,2322,2322,924358.86,924358.86,State Street,Northern Trust,Internal,Outbound,2026-08-01,2026-08-04,2026-08-04,Completed,Completed,Low,Custody Operations,True,False,,Completed,2,49,Within SLA,Matched,Low,0,Matched,0.0,Matched,Matched,,0,No Active Risk,Low
AT00193,CL58270,Funds,Global Equity Fund,GEF,4527,4527,710226.54,710226.54,BNY Mellon,State Street,Internal,Outbound,2026-08-02,2026-08-04,2026-08-04,Completed,Completed,Low,Custody Operations,True,False,,Completed,2,48,Within SLA,Matched,Low,0,Matched,0.0,Matched,Matched,,0,No Active Risk,Low
AT00194,CL50306,Equities,Microsoft Corp.,MSFT,4350,4350,2141949.06,2141949.06,Northern Trust,Itaú Custódia,Internal,Inbound,2026-09-15,2026-09-18,2026-09-18,Completed,Completed,High,Custody Operations,True,False,,Completed,2,4,Within SLA,Matched,Medium,0,Matched,0.0,Matched,Matched,,15,High Priority,Low
AT00195,CL58823,Funds,Emerging Markets Fund,EMF,745,745,92781.34,92781.34,Itaú Custódia,BNY Mellon,External,Inbound,2026-09-07,2026-09-12,2026-09-12,Completed,Completed,Medium,Reconciliation,True,False,,Completed,5,12,Within SLA,Matched,Low,0,Matched,0.0,Matched,Matched,,0,No Active Risk,Low
AT00196,CL61505,Bonds,US Treasury 5Y,UST5Y,241,241,230008.27,230008.27,J.P. Morgan,State Street,Internal,Inbound,2026-08-10,2026-08-11,2026-08-12,Completed,Completed,Low,Reconciliation,True,False,,Completed,2,40,Within SLA,Matched,Low,0,Matched,0.0,Matched,Matched,,0,No Active Risk,Low
AT00197,CL37215,Funds,Global Fixed Income Fund,GIF,3845,3845,260311.99,260311.99,J.P. Morgan,BNY Mellon,Internal,Outbound,2026-09-15,2026-09-20,2026-09-20,Completed,Completed,High,Settlement,True,False,,Completed,2,4,Within SLA,Matched,Medium,0,Matched,0.0,Matched,Matched,,15,High Priority,Low
AT00198,CL56627,Funds,Emerging Markets Fund,EMF,451,451,63993.75,63993.75,State Street,BNY Mellon,Internal,Outbound,2026-08-29,2026-09-03,,Approval,In Progress,Low,Settlement,True,False,,Pending Approval,2,21,Outside SLA,Pending,High,0,Matched,0.0,Matched,Matched,,30,SLA Breach,Medium
AT00199,CL25919,Equities,Apple Inc.,AAPL,1830,1821,199144.0,199144.0,Northern Trust,State Street,Internal,Outbound,2026-08-05,2026-08-06,,Approval,Exception,High,Reconciliation,True,True,Quantity Difference,Exception,2,45,Outside SLA,Pending,Critical,9,Difference,0.0,Matched,Quantity Difference,High,100,SLA Breach | Quantity Difference | High Priority,Critical
AT00200,CL26059,Equities,NVIDIA Corp.,NVDA,424,424,53252.34,53252.34,Itaú Custódia,Northern Trust,External,Outbound,2026-08-02,2026-08-06,2026-08-06,Completed,Completed,Low,Reconciliation,True,False,,Completed,5,48,Within SLA,Matched,Low,0,Matched,0.0,Matched,Matched,,0,No Active Risk,Low
AT00201,CL46681,Funds,Global Equity Fund,GEF,333,333,43469.55,43469.55,Itaú Custódia,BNY Mellon,External,Outbound,2026-08-27,2026-09-01,2026-09-01,Completed,Completed,Low,Custody Operations,True,False,,Completed,5,23,Within SLA,Matched,Low,0,Matched,0.0,Matched,Matched,,0,No Active Risk,Low
AT00202,CL36143,ETFs,iShares MSCI Brazil ETF,EWZ,4463,4463,2174219.33,2174219.33,Northern Trust,State Street,External,Outbound,2026-08-23,2026-08-28,2026-08-29,Completed,Completed,Low,Reconciliation,True,False,,Completed,5,27,Within SLA,Matched,Low,0,Matched,0.0,Matched,Matched,,0,No Active Risk,Low
AT00203,CL88265,ETFs,SPDR S&P 500 ETF,SPY,2311,2311,190022.38,190022.38,Northern Trust,State Street,Internal,Inbound,2026-08-07,2026-08-09,2026-08-09,Completed,Completed,High,Transfers,True,False,,Completed,2,43,Within SLA,Matched,Medium,0,Matched,0.0,Matched,Matched,,15,High Priority,Low
AT00204,CL38758,Funds,Global Fixed Income Fund,GIF,1473,1473,76151.25,76151.25,Itaú Custódia,State Street,External,Inbound,2026-09-15,2026-09-18,,Reconciliation,Exception,High,Reconciliation,True,True,Account Mismatch,Exception,5,4,Within SLA,Pending,High,0,Matched,0.0,Matched,Matched,,40,Account Mismatch | High Priority,Medium
AT00205,CL33010,Funds,Global Equity Fund,GEF,789,789,23756.98,23756.98,Itaú Custódia,BNY Mellon,Internal,Outbound,2026-08-01,2026-08-04,,Approval,Exception,Medium,Settlement,True,True,Custodian Rejection,Exception,2,49,Outside SLA,Pending,Critical,0,Matched,0.0,Matched,Matched,,55,SLA Breach | Custodian Rejection,High
AT00206,CL52413,Equities,Apple Inc.,AAPL,1220,1220,383048.44,383048.44,BNY Mellon,J.P. Morgan,External,Inbound,2026-08-24,2026-08-28,2026-08-28,Completed,Completed,Low,Settlement,True,False,,Completed,5,26,Within SLA,Matched,Low,0,Matched,0.0,Matched,Matched,,0,No Active Risk,Low
AT00207,CL67261,Funds,Emerging Markets Fund,EMF,2649,2649,136043.32,136043.32,Itaú Custódia,State Street,Internal,Inbound,2026-08-25,2026-08-28,,Registered,In Progress,High,Transfers,True,False,,In Transit,2,25,Outside SLA,Pending,High,0,Matched,0.0,Matched,Matched,,45,SLA Breach | High Priority,High
AT00208,CL85082,Funds,Emerging Markets Fund,EMF,315,315,16624.04,16624.04,State Street,BNY Mellon,Internal,Outbound,2026-08-10,2026-08-13,,Approval,In Progress,Medium,Settlement,True,False,,Pending Approval,2,40,Outside SLA,Pending,High,0,Matched,0.0,Matched,Matched,,30,SLA Breach,Medium
AT00209,CL93386,Equities,Amazon.com Inc.,AMZN,3668,3668,202209.61,202209.61,BNY Mellon,State Street,Internal,Outbound,2026-08-17,2026-08-18,,Validation,In Progress,High,Custody Operations,True,False,,Pending Approval,2,33,Outside SLA,Pending,High,0,Matched,0.0,Matched,Matched,,45,SLA Breach | High Priority,High
AT00210,CL31802,Funds,Global Fixed Income Fund,GIF,3152,3152,262314.52,262314.52,Northern Trust,J.P. Morgan,External,Inbound,2026-08-11,2026-08-15,2026-08-15,Completed,Completed,Medium,Reconciliation,True,False,,Completed,5,39,Within SLA,Matched,Low,0,Matched,0.0,Matched,Matched,,0,No Active Risk,Low
AT00211,CL23726,Equities,Amazon.com Inc.,AMZN,1403,1403,630745.41,630745.41,BNY Mellon,J.P. Morgan,Internal,Outbound,2026-09-08,2026-09-13,,Settlement,Exception,Medium,Settlement,False,True,Missing Documentation,Exception,2,11,Outside SLA,Pending,Critical,0,Matched,0.0,Matched,Matched,,55,SLA Breach | Missing Documentation,High
AT00212,CL89602,Funds,Global Equity Fund,GEF,488,488,18654.49,18654.49,BNY Mellon,State Street,External,Outbound,2026-09-12,2026-09-15,2026-09-15,Completed,Exception,Medium,Custody Operations,False,True,Missing Documentation,Exception,5,7,Outside SLA,Pending,Critical,0,Matched,0.0,Matched,Matched,,55,SLA Breach | Missing Documentation,High
AT00213,CL30131,Equities,Amazon.com Inc.,AMZN,41,41,9939.33,9939.33,State Street,Itaú Custódia,Internal,Inbound,2026-08-02,2026-08-04,2026-08-04,Completed,Completed,Medium,Transfers,True,False,,Completed,2,48,Within SLA,Matched,Low,0,Matched,0.0,Matched,Matched,,0,No Active Risk,Low
AT00214,CL50416,Funds,Global Fixed Income Fund,GIF,4056,4056,734452.15,734452.15,State Street,J.P. Morgan,External,Inbound,2026-08-24,2026-08-28,2026-08-29,Completed,Exception,High,Custody Operations,False,True,Missing Documentation,Exception,5,26,Outside SLA,Pending,Critical,0,Matched,0.0,Matched,Matched,,70,SLA Breach | Missing Documentation | High Priority,Critical
AT00215,CL44524,ETFs,Invesco QQQ,QQQ,4632,4632,388632.46,388632.46,J.P. Morgan,BNY Mellon,External,Outbound,2026-09-07,2026-09-09,2026-09-10,Completed,Completed,Medium,Custody Operations,True,False,,Completed,5,12,Within SLA,Matched,Low,0,Matched,0.0,Matched,Matched,,0,No Active Risk,Low
AT00216,CL85066,ETFs,Invesco QQQ,QQQ,2458,2452,229639.33,229639.33,J.P. Morgan,State Street,Internal,Outbound,2026-08-12,2026-08-14,,Approval,Exception,Medium,Custody Operations,True,True,Quantity Difference,Exception,2,38,Outside SLA,Pending,Critical,6,Difference,0.0,Matched,Quantity Difference,High,85,SLA Breach | Quantity Difference,Critical
AT00217,CL36465,ETFs,iShares MSCI Brazil ETF,EWZ,2122,2122,479279.63,479279.63,J.P. Morgan,BNY Mellon,External,Outbound,2026-09-05,2026-09-08,,In Transit,In Progress,Low,Custody Operations,True,False,,In Transit,5,14,Outside SLA,Pending,High,0,Matched,0.0,Matched,Matched,,30,SLA Breach,Medium
AT00218,CL24748,Funds,Global Equity Fund,GEF,1264,1264,154191.45,154191.45,Itaú Custódia,J.P. Morgan,Internal,Inbound,2026-08-19,2026-08-24,,Sent to Custodian,In Progress,High,Custody Operations,True,False,,In Transit,2,31,Outside SLA,Pending,High,0,Matched,0.0,Matched,Matched,,45,SLA Breach | High Priority,High
AT00219,CL84976,Funds,Global Equity Fund,GEF,1460,1460,101578.84,101578.84,BNY Mellon,Itaú Custódia,Internal,Outbound,2026-08-22,2026-08-24,2026-08-25,Completed,Completed,Medium,Transfers,True,False,,Completed,2,28,Within SLA,Matched,Low,0,Matched,0.0,Matched,Matched,,0,No Active Risk,Low
AT00220,CL54284,Bonds,US Treasury 5Y,UST5Y,153,153,163491.1,163491.1,J.P. Morgan,State Street,Internal,Outbound,2026-08-29,2026-09-01,2026-09-02,Completed,Completed,Low,Settlement,True,False,,Completed,2,21,Within SLA,Matched,Low,0,Matched,0.0,Matched,Matched,,0,No Active Risk,Low
AT00221,CL67896,ETFs,Invesco QQQ,QQQ,3978,3978,1860595.38,1860595.38,State Street,J.P. Morgan,Internal,Inbound,2026-08-20,2026-08-25,2026-08-25,Completed,Completed,Low,Transfers,True,False,,Completed,2,30,Within SLA,Matched,Low,0,Matched,0.0,Matched,Matched,,0,No Active Risk,Low
AT00222,CL42701,Equities,NVIDIA Corp.,NVDA,424,424,196360.33,196360.33,BNY Mellon,Northern Trust,External,Outbound,2026-09-02,2026-09-06,2026-09-06,Completed,Completed,Low,Reconciliation,True,False,,Completed,5,17,Within SLA,Matched,Low,0,Matched,0.0,Matched,Matched,,0,No Active Risk,Low
AT00223,CL74066,Funds,Global Equity Fund,GEF,3937,3937,494638.56,494638.56,State Street,Northern Trust,Internal,Outbound,2026-09-14,2026-09-15,2026-09-16,Completed,Exception,Medium,Settlement,False,True,Missing Documentation,Exception,2,5,Outside SLA,Pending,Critical,0,Matched,0.0,Matched,Matched,,55,SLA Breach | Missing Documentation,High
AT00224,CL39012,ETFs,iShares MSCI Brazil ETF,EWZ,1703,1703,337187.13,337187.13,Northern Trust,J.P. Morgan,Internal,Outbound,2026-08-09,2026-08-11,2026-08-11,Completed,Completed,High,Reconciliation,True,False,,Completed,2,41,Within SLA,Matched,Medium,0,Matched,0.0,Matched,Matched,,15,High Priority,Low
AT00225,CL94245,Bonds,US Treasury 5Y,UST5Y,468,468,456438.1,456438.1,State Street,Itaú Custódia,External,Inbound,2026-08-30,2026-09-02,2026-09-03,Completed,Completed,Low,Reconciliation,True,False,,Completed,5,20,Within SLA,Matched,Low,0,Matched,0.0,Matched,Matched,,0,No Active Risk,Low
AT00226,CL83591,Bonds,US Treasury 5Y,UST5Y,360,360,331783.53,331783.53,J.P. Morgan,Northern Trust,External,Outbound,2026-08-18,2026-08-21,2026-08-21,Completed,Completed,High,Settlement,True,False,,Completed,5,32,Within SLA,Matched,Medium,0,Matched,0.0,Matched,Matched,,15,High Priority,Low
AT00227,CL17441,Funds,Emerging Markets Fund,EMF,2668,2668,380286.14,380286.14,J.P. Morgan,Itaú Custódia,External,Outbound,2026-08-27,2026-08-31,2026-08-31,Completed,Completed,High,Settlement,True,False,,Completed,5,23,Within SLA,Matched,Medium,0,Matched,0.0,Matched,Matched,,15,High Priority,Low
AT00228,CL54979,ETFs,iShares MSCI Brazil ETF,EWZ,4389,4389,1760307.09,1760307.09,Northern Trust,State Street,External,Inbound,2026-09-12,2026-09-17,2026-09-17,Completed,Completed,High,Reconciliation,True,False,,Completed,5,7,Within SLA,Matched,Medium,0,Matched,0.0,Matched,Matched,,15,High Priority,Low
AT00229,CL83273,ETFs,iShares MSCI Brazil ETF,EWZ,2759,2759,1131021.85,1131021.85,BNY Mellon,Northern Trust,Internal,Outbound,2026-08-27,2026-08-30,2026-08-30,Completed,Completed,Low,Custody Operations,True,False,,Completed,2,23,Within SLA,Matched,Low,0,Matched,0.0,Matched,Matched,,0,No Active Risk,Low
AT00230,CL17035,Equities,NVIDIA Corp.,NVDA,1603,1603,441169.35,432503.05,Northern Trust,State Street,External,Inbound,2026-08-10,2026-08-12,,Sent to Custodian,Exception,High,Settlement,True,True,Value Difference,Exception,5,40,Outside SLA,Pending,Critical,0,Matched,8666.299999999988,Difference,Value Difference,Medium,100,SLA Breach | Value Difference | High Priority,Critical
AT00231,CL51469,ETFs,SPDR S&P 500 ETF,SPY,4004,4004,932716.57,932716.57,BNY Mellon,Northern Trust,Internal,Inbound,2026-08-29,2026-09-01,2026-09-01,Completed,Completed,Low,Custody Operations,True,False,,Completed,2,21,Within SLA,Matched,Low,0,Matched,0.0,Matched,Matched,,0,No Active Risk,Low
AT00232,CL21539,ETFs,iShares MSCI Brazil ETF,EWZ,3562,3562,1419165.44,1419165.44,Northern Trust,Itaú Custódia,External,Outbound,2026-08-01,2026-08-02,2026-08-02,Completed,Completed,Medium,Settlement,True,False,,Completed,5,49,Within SLA,Matched,Low,0,Matched,0.0,Matched,Matched,,0,No Active Risk,Low
AT00233,CL12348,Equities,Microsoft Corp.,MSFT,1863,1863,674566.47,674566.47,State Street,Northern Trust,Internal,Inbound,2026-08-25,2026-08-30,2026-08-30,Completed,Exception,High,Reconciliation,False,True,Missing Documentation,Exception,2,25,Outside SLA,Pending,Critical,0,Matched,0.0,Matched,Matched,,70,SLA Breach | Missing Documentation | High Priority,Critical
AT00234,CL48119,Funds,Emerging Markets Fund,EMF,4312,4312,549118.48,549118.48,State Street,Itaú Custódia,Internal,Outbound,2026-09-01,2026-09-04,,Approval,In Progress,Medium,Transfers,True,False,,Pending Approval,2,18,Outside SLA,Pending,High,0,Matched,0.0,Matched,Matched,,30,SLA Breach,Medium
AT00235,CL39939,ETFs,iShares MSCI Brazil ETF,EWZ,1084,1084,180111.61,180111.61,J.P. Morgan,State Street,Internal,Outbound,2026-09-15,2026-09-16,2026-09-16,Completed,Completed,High,Transfers,True,False,,Completed,2,4,Within SLA,Matched,Medium,0,Matched,0.0,Matched,Matched,,15,High Priority,Low
AT00236,CL87846,Equities,Apple Inc.,AAPL,171,171,12261.69,12261.69,J.P. Morgan,Itaú Custódia,External,Outbound,2026-08-08,2026-08-13,2026-08-13,Completed,Completed,High,Transfers,True,False,,Completed,5,42,Within SLA,Matched,Medium,0,Matched,0.0,Matched,Matched,,15,High Priority,Low
AT00237,CL49467,Funds,Emerging Markets Fund,EMF,877,877,122119.56,122119.56,State Street,BNY Mellon,External,Inbound,2026-09-02,2026-09-07,2026-09-07,Completed,Completed,Medium,Settlement,True,False,,Completed,5,17,Within SLA,Matched,Low,0,Matched,0.0,Matched,Matched,,0,No Active Risk,Low
AT00238,CL89823,ETFs,Invesco QQQ,QQQ,4295,4295,2513502.06,2513502.06,State Street,Itaú Custódia,External,Inbound,2026-08-03,2026-08-08,2026-08-08,Completed,Completed,Medium,Reconciliation,True,False,,Completed,5,47,Within SLA,Matched,Low,0,Matched,0.0,Matched,Matched,,0,No Active Risk,Low
AT00239,CL40737,Equities,Apple Inc.,AAPL,739,739,338532.96,338532.96,Itaú Custódia,Northern Trust,Internal,Inbound,2026-09-02,2026-09-03,,Validation,In Progress,High,Settlement,True,False,,Pending Approval,2,17,Outside SLA,Pending,High,0,Matched,0.0,Matched,Matched,,45,SLA Breach | High Priority,High
AT00240,CL69867,Bonds,US Treasury 5Y,UST5Y,247,247,224773.96,224773.96,BNY Mellon,J.P. Morgan,External,Outbound,2026-09-13,2026-09-16,2026-09-16,Completed,Completed,Low,Transfers,True,False,,Completed,5,6,Within SLA,Matched,Low,0,Matched,0.0,Matched,Matched,,0,No Active Risk,Low
AT00241,CL28139,ETFs,Invesco QQQ,QQQ,2938,2938,1592367.18,1592367.18,Itaú Custódia,State Street,Internal,Outbound,2026-08-22,2026-08-24,2026-08-25,Completed,Completed,Medium,Custody Operations,True,False,,Completed,2,28,Within SLA,Matched,Low,0,Matched,0.0,Matched,Matched,,0,No Active Risk,Low
AT00242,CL72684,Funds,Emerging Markets Fund,EMF,1416,1416,57135.86,57135.86,J.P. Morgan,State Street,Internal,Outbound,2026-09-07,2026-09-11,,Settlement,In Progress,High,Custody Operations,True,False,,Pending Settlement,2,12,Outside SLA,Pending,High,0,Matched,0.0,Matched,Matched,,45,SLA Breach | High Priority,High
AT00243,CL57002,Equities,Microsoft Corp.,MSFT,3967,3967,1841398.46,1841398.46,J.P. Morgan,Itaú Custódia,External,Inbound,2026-08-05,2026-08-08,2026-08-08,Completed,Completed,High,Settlement,True,False,,Completed,5,45,Within SLA,Matched,Medium,0,Matched,0.0,Matched,Matched,,15,High Priority,Low
AT00244,CL97797,Bonds,Brazilian Government Bond,BRGOV,277,277,287428.59,287428.59,Itaú Custódia,J.P. Morgan,External,Inbound,2026-08-31,2026-09-03,2026-09-04,Completed,Completed,High,Transfers,True,False,,Completed,5,19,Within SLA,Matched,Medium,0,Matched,0.0,Matched,Matched,,15,High Priority,Low
AT00245,CL11526,ETFs,iShares MSCI Brazil ETF,EWZ,3854,3854,1998411.28,1914275.28,BNY Mellon,J.P. Morgan,External,Outbound,2026-08-16,2026-08-19,,Validation,Exception,High,Settlement,True,True,Value Difference,Exception,5,34,Outside SLA,Pending,Critical,0,Matched,84136.0,Difference,Value Difference,Medium,100,SLA Breach | Value Difference | High Priority,Critical
AT00246,CL20332,Funds,Global Fixed Income Fund,GIF,4744,4744,477520.34,477520.34,Northern Trust,Itaú Custódia,External,Inbound,2026-09-01,2026-09-02,2026-09-03,Completed,Exception,Medium,Transfers,False,True,Missing Documentation,Exception,5,18,Outside SLA,Pending,Critical,0,Matched,0.0,Matched,Matched,,55,SLA Breach | Missing Documentation,High
AT00247,CL21913,Bonds,Brazilian Government Bond,BRGOV,297,297,279586.96,279586.96,Northern Trust,State Street,External,Inbound,2026-08-15,2026-08-19,2026-08-20,Completed,Completed,Medium,Custody Operations,True,False,,Completed,5,35,Within SLA,Matched,Low,0,Matched,0.0,Matched,Matched,,0,No Active Risk,Low
AT00248,CL24945,Equities,Microsoft Corp.,MSFT,27,27,5497.49,5497.49,State Street,Northern Trust,Internal,Inbound,2026-08-11,2026-08-15,2026-08-16,Completed,Completed,High,Settlement,True,False,,Completed,2,39,Within SLA,Matched,Medium,0,Matched,0.0,Matched,Matched,,15,High Priority,Low
AT00249,CL34581,Equities,NVIDIA Corp.,NVDA,1776,1776,454071.17,454071.17,BNY Mellon,Northern Trust,Internal,Outbound,2026-08-03,2026-08-08,2026-08-09,Completed,Completed,High,Settlement,True,False,,Completed,2,47,Within SLA,Matched,Medium,0,Matched,0.0,Matched,Matched,,15,High Priority,Low
AT00250,CL75382,Equities,Alphabet Inc.,GOOGL,407,407,121673.4,121673.4,Northern Trust,Itaú Custódia,Internal,Inbound,2026-08-09,2026-08-10,2026-08-10,Completed,Completed,Medium,Custody Operations,True,False,,Completed,2,41,Within SLA,Matched,Low,0,Matched,0.0,Matched,Matched,,0,No Active Risk,Low
AT00251,CL89822,ETFs,Invesco QQQ,QQQ,3269,3269,1895943.0,1895943.0,State Street,Itaú Custódia,Internal,Inbound,2026-08-27,2026-09-01,,Settlement,In Progress,High,Reconciliation,True,False,,Pending Settlement,2,23,Outside SLA,Pending,High,0,Matched,0.0,Matched,Matched,,45,SLA Breach | High Priority,High
AT00252,CL82559,ETFs,SPDR S&P 500 ETF,SPY,1727,1727,679215.58,679215.58,State Street,Northern Trust,Internal,Inbound,2026-09-02,2026-09-07,2026-09-07,Completed,Completed,Medium,Custody Operations,True,False,,Completed,2,17,Within SLA,Matched,Low,0,Matched,0.0,Matched,Matched,,0,No Active Risk,Low
AT00253,CL86389,Funds,Emerging Markets Fund,EMF,4423,4423,316098.7,316098.7,Northern Trust,J.P. Morgan,Internal,Inbound,2026-08-25,2026-08-27,2026-08-27,Completed,Completed,Low,Reconciliation,True,False,,Completed,2,25,Within SLA,Matched,Low,0,Matched,0.0,Matched,Matched,,0,No Active Risk,Low
AT00254,CL99573,Bonds,US Treasury 10Y,UST10Y,439,439,400546.48,400546.48,State Street,BNY Mellon,Internal,Outbound,2026-08-29,2026-08-30,2026-08-30,Completed,Completed,High,Custody Operations,True,False,,Completed,2,21,Within SLA,Matched,Medium,0,Matched,0.0,Matched,Matched,,15,High Priority,Low
AT00255,CL41142,Bonds,Brazilian Government Bond,BRGOV,350,350,318288.59,318288.59,Northern Trust,Itaú Custódia,External,Outbound,2026-09-05,2026-09-06,2026-09-06,Completed,Completed,Medium,Settlement,True,False,,Completed,5,14,Within SLA,Matched,Low,0,Matched,0.0,Matched,Matched,,0,No Active Risk,Low
AT00256,CL93071,Bonds,Brazilian Government Bond,BRGOV,289,289,302782.41,302782.41,BNY Mellon,State Street,External,Outbound,2026-08-12,2026-08-13,2026-08-13,Completed,Completed,Low,Custody Operations,True,False,,Completed,5,38,Within SLA,Matched,Low,0,Matched,0.0,Matched,Matched,,0,No Active Risk,Low
AT00257,CL15326,Funds,Global Fixed Income Fund,GIF,4609,4609,311398.45,311398.45,BNY Mellon,Northern Trust,Internal,Outbound,2026-08-30,2026-09-01,2026-09-01,Completed,Completed,High,Reconciliation,True,False,,Completed,2,20,Within SLA,Matched,Medium,0,Matched,0.0,Matched,Matched,,15,High Priority,Low
AT00258,CL74297,Bonds,US Treasury 10Y,UST10Y,411,411,428071.42,428071.42,Itaú Custódia,BNY Mellon,Internal,Inbound,2026-09-02,2026-09-04,2026-09-05,Completed,Completed,Low,Settlement,True,False,,Completed,2,17,Within SLA,Matched,Low,0,Matched,0.0,Matched,Matched,,0,No Active Risk,Low
AT00259,CL96944,Bonds,US Treasury 5Y,UST5Y,194,194,185990.69,185990.69,Itaú Custódia,Northern Trust,Internal,Inbound,2026-09-12,2026-09-15,2026-09-15,Completed,Completed,High,Reconciliation,True,False,,Completed,2,7,Within SLA,Matched,Medium,0,Matched,0.0,Matched,Matched,,15,High Priority,Low
AT00260,CL59987,Equities,NVIDIA Corp.,NVDA,2111,2111,618748.44,618748.44,State Street,J.P. Morgan,External,Outbound,2026-09-01,2026-09-02,2026-09-02,Completed,Completed,Low,Transfers,True,False,,Completed,5,18,Within SLA,Matched,Low,0,Matched,0.0,Matched,Matched,,0,No Active Risk,Low
AT00261,CL31940,Equities,Apple Inc.,AAPL,1736,1736,610465.8,610465.8,BNY Mellon,Itaú Custódia,Internal,Inbound,2026-09-04,2026-09-08,2026-09-08,Completed,Completed,Low,Transfers,True,False,,Completed,2,15,Within SLA,Matched,Low,0,Matched,0.0,Matched,Matched,,0,No Active Risk,Low
AT00262,CL70191,Bonds,US Treasury 10Y,UST10Y,54,54,49391.08,49391.08,BNY Mellon,Northern Trust,Internal,Inbound,2026-08-17,2026-08-21,2026-08-22,Completed,Completed,Low,Custody Operations,True,False,,Completed,2,33,Within SLA,Matched,Low,0,Matched,0.0,Matched,Matched,,0,No Active Risk,Low
AT00263,CL98250,Equities,Alphabet Inc.,GOOGL,58,58,19641.13,19641.13,Itaú Custódia,J.P. Morgan,Internal,Inbound,2026-08-23,2026-08-28,2026-08-28,Completed,Completed,Medium,Custody Operations,True,False,,Completed,2,27,Within SLA,Matched,Low,0,Matched,0.0,Matched,Matched,,0,No Active Risk,Low
AT00264,CL59992,Funds,Emerging Markets Fund,EMF,302,302,31805.97,31805.97,Itaú Custódia,BNY Mellon,Internal,Outbound,2026-09-04,2026-09-07,,Approval,Exception,Medium,Reconciliation,True,True,Settlement Delay,Exception,2,15,Outside SLA,Pending,Critical,0,Matched,0.0,Matched,Matched,,55,SLA Breach | Settlement Delay,High
AT00265,CL11461,ETFs,SPDR S&P 500 ETF,SPY,352,352,18573.78,18573.78,Itaú Custódia,Northern Trust,Internal,Outbound,2026-08-14,2026-08-17,2026-08-17,Completed,Completed,Low,Reconciliation,True,False,,Completed,2,36,Within SLA,Matched,Low,0,Matched,0.0,Matched,Matched,,0,No Active Risk,Low
AT00266,CL35470,Equities,Microsoft Corp.,MSFT,4657,4657,2018870.08,2018870.08,Itaú Custódia,Northern Trust,Internal,Outbound,2026-09-12,2026-09-13,2026-09-13,Completed,Completed,Medium,Reconciliation,True,False,,Completed,2,7,Within SLA,Matched,Low,0,Matched,0.0,Matched,Matched,,0,No Active Risk,Low
AT00267,CL56810,ETFs,iShares MSCI Brazil ETF,EWZ,1931,1931,202802.85,202802.85,Itaú Custódia,J.P. Morgan,Internal,Outbound,2026-09-01,2026-09-05,2026-09-05,Completed,Completed,Low,Reconciliation,True,False,,Completed,2,18,Within SLA,Matched,Low,0,Matched,0.0,Matched,Matched,,0,No Active Risk,Low
AT00268,CL51462,Funds,Global Equity Fund,GEF,89,89,6797.7,6797.7,BNY Mellon,Itaú Custódia,External,Outbound,2026-08-09,2026-08-12,,Sent to Custodian,In Progress,Medium,Custody Operations,True,False,,In Transit,5,41,Outside SLA,Pending,High,0,Matched,0.0,Matched,Matched,,30,SLA Breach,Medium
AT00269,CL82308,Equities,Microsoft Corp.,MSFT,4979,4979,432616.16,432616.16,State Street,BNY Mellon,Internal,Outbound,2026-09-10,2026-09-11,,Validation,In Progress,High,Transfers,True,False,,Pending Approval,2,9,Outside SLA,Pending,High,0,Matched,0.0,Matched,Matched,,45,SLA Breach | High Priority,High
AT00270,CL86269,Funds,Emerging Markets Fund,EMF,1792,1792,328177.28,328177.28,Itaú Custódia,State Street,External,Inbound,2026-08-24,2026-08-28,2026-08-28,Completed,Completed,High,Transfers,True,False,,Completed,5,26,Within SLA,Matched,Medium,0,Matched,0.0,Matched,Matched,,15,High Priority,Low
AT00271,CL62007,Bonds,Brazilian Government Bond,BRGOV,15,15,15488.04,15488.04,Itaú Custódia,BNY Mellon,Internal,Outbound,2026-08-11,2026-08-13,2026-08-13,Completed,Completed,Medium,Reconciliation,True,False,,Completed,2,39,Within SLA,Matched,Low,0,Matched,0.0,Matched,Matched,,0,No Active Risk,Low
AT00272,CL15297,ETFs,Invesco QQQ,QQQ,1908,1908,161366.5,161366.5,State Street,BNY Mellon,Internal,Inbound,2026-09-03,2026-09-06,2026-09-07,Completed,Completed,Low,Reconciliation,True,False,,Completed,2,16,Within SLA,Matched,Low,0,Matched,0.0,Matched,Matched,,0,No Active Risk,Low
AT00273,CL23529,Bonds,Brazilian Government Bond,BRGOV,144,144,146264.59,146264.59,Itaú Custódia,BNY Mellon,External,Outbound,2026-08-24,2026-08-29,2026-08-29,Completed,Completed,Medium,Settlement,True,False,,Completed,5,26,Within SLA,Matched,Low,0,Matched,0.0,Matched,Matched,,0,No Active Risk,Low
AT00274,CL77681,Funds,Global Fixed Income Fund,GIF,2876,2876,309558.49,309558.49,Northern Trust,J.P. Morgan,Internal,Outbound,2026-08-11,2026-08-13,2026-08-13,Completed,Completed,Low,Settlement,True,False,,Completed,2,39,Within SLA,Matched,Low,0,Matched,0.0,Matched,Matched,,0,No Active Risk,Low
AT00275,CL57477,Equities,Microsoft Corp.,MSFT,3406,3406,1413584.29,1413584.29,J.P. Morgan,Itaú Custódia,External,Outbound,2026-08-14,2026-08-19,2026-08-20,Completed,Exception,High,Settlement,False,True,Missing Documentation,Exception,5,36,Outside SLA,Pending,Critical,0,Matched,0.0,Matched,Matched,,70,SLA Breach | Missing Documentation | High Priority,Critical
AT00276,CL85168,ETFs,SPDR S&P 500 ETF,SPY,4209,4209,301174.89,301174.89,Itaú Custódia,BNY Mellon,Internal,Inbound,2026-08-17,2026-08-19,2026-08-20,Completed,Completed,High,Transfers,True,False,,Completed,2,33,Within SLA,Matched,Medium,0,Matched,0.0,Matched,Matched,,15,High Priority,Low
AT00277,CL96736,Bonds,US Treasury 10Y,UST10Y,120,120,118780.88,118780.88,Northern Trust,Itaú Custódia,Internal,Inbound,2026-08-27,2026-09-01,2026-09-01,Completed,Completed,High,Reconciliation,True,False,,Completed,2,23,Within SLA,Matched,Medium,0,Matched,0.0,Matched,Matched,,15,High Priority,Low
AT00278,CL31983,Bonds,US Treasury 5Y,UST5Y,315,315,320707.55,320707.55,BNY Mellon,Itaú Custódia,External,Inbound,2026-08-07,2026-08-08,2026-08-09,Completed,Completed,High,Transfers,True,False,,Completed,5,43,Within SLA,Matched,Medium,0,Matched,0.0,Matched,Matched,,15,High Priority,Low
AT00279,CL33255,Funds,Emerging Markets Fund,EMF,4963,4963,134132.92,134132.92,Itaú Custódia,J.P. Morgan,Internal,Outbound,2026-09-12,2026-09-14,,Reconciliation,Exception,Medium,Custody Operations,True,True,Settlement Delay,Exception,2,7,Outside SLA,Pending,Critical,0,Matched,0.0,Matched,Matched,,55,SLA Breach | Settlement Delay,High
AT00280,CL78425,Funds,Global Fixed Income Fund,GIF,405,405,58958.16,58958.16,Northern Trust,BNY Mellon,External,Outbound,2026-08-23,2026-08-28,,Reconciliation,In Progress,High,Transfers,True,False,,Pending Reconciliation,5,27,Outside SLA,Pending,High,0,Matched,0.0,Matched,Matched,,45,SLA Breach | High Priority,High
AT00281,CL65769,ETFs,Invesco QQQ,QQQ,3918,3918,1846249.32,1846249.32,J.P. Morgan,Northern Trust,External,Outbound,2026-08-13,2026-08-14,,Reconciliation,Exception,Medium,Transfers,False,True,Missing Documentation,Exception,5,37,Outside SLA,Pending,Critical,0,Matched,0.0,Matched,Matched,,55,SLA Breach | Missing Documentation,High
AT00282,CL78126,Equities,NVIDIA Corp.,NVDA,1692,1692,608265.59,608265.59,State Street,Itaú Custódia,External,Inbound,2026-08-10,2026-08-14,2026-08-14,Completed,Completed,High,Custody Operations,True,False,,Completed,5,40,Within SLA,Matched,Medium,0,Matched,0.0,Matched,Matched,,15,High Priority,Low
AT00283,CL84012,Bonds,Brazilian Government Bond,BRGOV,151,151,165852.32,165852.32,Northern Trust,BNY Mellon,External,Outbound,2026-08-12,2026-08-15,2026-08-16,Completed,Completed,Medium,Reconciliation,True,False,,Completed,5,38,Within SLA,Matched,Low,0,Matched,0.0,Matched,Matched,,0,No Active Risk,Low
AT00284,CL62183,ETFs,iShares MSCI Brazil ETF,EWZ,985,985,454378.34,454378.34,Northern Trust,BNY Mellon,Internal,Inbound,2026-09-02,2026-09-06,,Reconciliation,In Progress,High,Transfers,True,False,,Pending Reconciliation,2,17,Outside SLA,Pending,High,0,Matched,0.0,Matched,Matched,,45,SLA Breach | High Priority,High
AT00285,CL31068,Funds,Emerging Markets Fund,EMF,93,93,15325.14,15325.14,BNY Mellon,Itaú Custódia,External,Inbound,2026-08-05,2026-08-08,2026-08-08,Completed,Completed,High,Custody Operations,True,False,,Completed,5,45,Within SLA,Matched,Medium,0,Matched,0.0,Matched,Matched,,15,High Priority,Low
AT00286,CL62513,Bonds,Brazilian Government Bond,BRGOV,315,315,287120.17,287120.17,BNY Mellon,Itaú Custódia,External,Inbound,2026-08-13,2026-08-18,2026-08-18,Completed,Completed,High,Settlement,True,False,,Completed,5,37,Within SLA,Matched,Medium,0,Matched,0.0,Matched,Matched,,15,High Priority,Low
AT00287,CL90634,ETFs,iShares MSCI Brazil ETF,EWZ,305,305,75596.38,75596.38,J.P. Morgan,State Street,Internal,Outbound,2026-08-26,2026-08-29,2026-08-30,Completed,Completed,High,Transfers,True,False,,Completed,2,24,Within SLA,Matched,Medium,0,Matched,0.0,Matched,Matched,,15,High Priority,Low
AT00288,CL18993,Equities,Alphabet Inc.,GOOGL,2340,2340,881624.06,793830.73,Itaú Custódia,State Street,External,Outbound,2026-08-15,2026-08-20,,Settlement,Exception,High,Custody Operations,True,True,Value Difference,Exception,5,35,Outside SLA,Pending,Critical,0,Matched,87793.33000000007,Difference,Value Difference,Medium,100,SLA Breach | Value Difference | High Priority,Critical
AT00289,CL76353,Equities,Alphabet Inc.,GOOGL,602,602,166408.53,166408.53,State Street,J.P. Morgan,External,Outbound,2026-09-14,2026-09-18,,Reconciliation,Exception,High,Custody Operations,True,True,Account Mismatch,Exception,5,5,Within SLA,Pending,High,0,Matched,0.0,Matched,Matched,,40,Account Mismatch | High Priority,Medium
AT00290,CL99337,Funds,Emerging Markets Fund,EMF,274,274,29250.77,29250.77,State Street,J.P. Morgan,External,Inbound,2026-09-13,2026-09-15,,Sent to Custodian,In Progress,High,Transfers,True,False,,In Transit,5,6,Outside SLA,Pending,High,0,Matched,0.0,Matched,Matched,,45,SLA Breach | High Priority,High
AT00291,CL44517,ETFs,Invesco QQQ,QQQ,771,771,207716.54,207716.54,State Street,J.P. Morgan,Internal,Outbound,2026-08-21,2026-08-24,2026-08-24,Completed,Completed,High,Settlement,True,False,,Completed,2,29,Within SLA,Matched,Medium,0,Matched,0.0,Matched,Matched,,15,High Priority,Low
AT00292,CL75404,ETFs,SPDR S&P 500 ETF,SPY,1992,1992,1055776.68,1055776.68,BNY Mellon,State Street,Internal,Inbound,2026-09-09,2026-09-12,2026-09-12,Completed,Completed,Low,Custody Operations,True,False,,Completed,2,10,Within SLA,Matched,Low,0,Matched,0.0,Matched,Matched,,0,No Active Risk,Low
AT00293,CL90455,Equities,Alphabet Inc.,GOOGL,356,356,153651.3,153651.3,State Street,Northern Trust,External,Outbound,2026-09-01,2026-09-03,,Reconciliation,Exception,Medium,Settlement,True,True,Account Mismatch,Exception,5,18,Outside SLA,Pending,Critical,0,Matched,0.0,Matched,Matched,,55,SLA Breach | Account Mismatch,High
AT00294,CL17097,Funds,Global Fixed Income Fund,GIF,4479,4479,115832.66,115832.66,State Street,Itaú Custódia,Internal,Outbound,2026-08-08,2026-08-13,2026-08-13,Completed,Exception,High,Custody Operations,False,True,Missing Documentation,Exception,2,42,Outside SLA,Pending,Critical,0,Matched,0.0,Matched,Matched,,70,SLA Breach | Missing Documentation | High Priority,Critical
AT00295,CL86153,Equities,Amazon.com Inc.,AMZN,2972,2944,968129.43,968129.43,State Street,BNY Mellon,External,Inbound,2026-08-18,2026-08-22,,Sent to Custodian,Exception,High,Custody Operations,True,True,Quantity Difference,Exception,5,32,Outside SLA,Pending,Critical,28,Difference,0.0,Matched,Quantity Difference,High,100,SLA Breach | Quantity Difference | High Priority,Critical
AT00296,CL58799,Bonds,US Treasury 5Y,UST5Y,153,153,151492.31,151492.31,Itaú Custódia,BNY Mellon,Internal,Inbound,2026-08-18,2026-08-20,2026-08-21,Completed,Completed,High,Settlement,True,False,,Completed,2,32,Within SLA,Matched,Medium,0,Matched,0.0,Matched,Matched,,15,High Priority,Low
AT00297,CL71995,Equities,Microsoft Corp.,MSFT,3463,3463,951698.27,951698.27,Itaú Custódia,State Street,External,Outbound,2026-08-17,2026-08-22,,Validation,In Progress,High,Settlement,True,False,,Pending Approval,5,33,Outside SLA,Pending,High,0,Matched,0.0,Matched,Matched,,45,SLA Breach | High Priority,High
AT00298,CL17869,ETFs,Invesco QQQ,QQQ,3913,3913,2001242.96,2001242.96,J.P. Morgan,Itaú Custódia,External,Outbound,2026-08-24,2026-08-27,2026-08-27,Completed,Completed,Medium,Transfers,True,False,,Completed,5,26,Within SLA,Matched,Low,0,Matched,0.0,Matched,Matched,,0,No Active Risk,Low
AT00299,CL56018,ETFs,iShares MSCI Brazil ETF,EWZ,4727,4727,1925902.78,1925902.78,Itaú Custódia,BNY Mellon,External,Outbound,2026-08-21,2026-08-26,2026-08-27,Completed,Completed,Medium,Reconciliation,True,False,,Completed,5,29,Within SLA,Matched,Low,0,Matched,0.0,Matched,Matched,,0,No Active Risk,Low
AT00300,CL70784,ETFs,SPDR S&P 500 ETF,SPY,2773,2773,781983.42,781983.42,Itaú Custódia,Northern Trust,Internal,Inbound,2026-08-11,2026-08-14,2026-08-14,Completed,Completed,High,Reconciliation,True,False,,Completed,2,39,Within SLA,Matched,Medium,0,Matched,0.0,Matched,Matched,,15,High Priority,Low
AT00301,CL89349,Funds,Global Fixed Income Fund,GIF,3694,3694,593165.26,593165.26,State Street,Itaú Custódia,External,Inbound,2026-08-12,2026-08-13,2026-08-13,Completed,Completed,High,Transfers,True,False,,Completed,5,38,Within SLA,Matched,Medium,0,Matched,0.0,Matched,Matched,,15,High Priority,Low
AT00302,CL37600,ETFs,Invesco QQQ,QQQ,853,853,87479.03,87479.03,Northern Trust,J.P. Morgan,Internal,Outbound,2026-09-03,2026-09-04,2026-09-04,Completed,Completed,Medium,Reconciliation,True,False,,Completed,2,16,Within SLA,Matched,Low,0,Matched,0.0,Matched,Matched,,0,No Active Risk,Low
AT00303,CL40062,ETFs,iShares MSCI Brazil ETF,EWZ,2337,2337,686466.25,686466.25,BNY Mellon,State Street,Internal,Inbound,2026-08-03,2026-08-06,,Registered,In Progress,Medium,Reconciliation,True,False,,In Transit,2,47,Outside SLA,Pending,High,0,Matched,0.0,Matched,Matched,,30,SLA Breach,Medium
AT00304,CL81898,Funds,Global Equity Fund,GEF,4467,4467,231688.08,231688.08,Itaú Custódia,Northern Trust,External,Outbound,2026-08-23,2026-08-27,2026-08-27,Completed,Completed,Medium,Custody Operations,True,False,,Completed,5,27,Within SLA,Matched,Low,0,Matched,0.0,Matched,Matched,,0,No Active Risk,Low
AT00305,CL44053,ETFs,Invesco QQQ,QQQ,96,96,4804.88,4804.88,BNY Mellon,Northern Trust,External,Outbound,2026-09-04,2026-09-05,2026-09-06,Completed,Completed,Medium,Reconciliation,True,False,,Completed,5,15,Within SLA,Matched,Low,0,Matched,0.0,Matched,Matched,,0,No Active Risk,Low
AT00306,CL11197,Funds,Global Fixed Income Fund,GIF,4940,4940,304396.73,304396.73,J.P. Morgan,Northern Trust,Internal,Outbound,2026-09-05,2026-09-09,2026-09-09,Completed,Completed,High,Custody Operations,True,False,,Completed,2,14,Within SLA,Matched,Medium,0,Matched,0.0,Matched,Matched,,15,High Priority,Low
AT00307,CL59592,ETFs,Invesco QQQ,QQQ,658,658,185708.43,185708.43,BNY Mellon,Northern Trust,External,Outbound,2026-08-27,2026-08-29,,Approval,In Progress,Low,Custody Operations,True,False,,Pending Approval,5,23,Outside SLA,Pending,High,0,Matched,0.0,Matched,Matched,,30,SLA Breach,Medium
AT00308,CL90967,Funds,Global Fixed Income Fund,GIF,4080,4080,219512.57,219512.57,J.P. Morgan,State Street,Internal,Inbound,2026-08-12,2026-08-13,2026-08-13,Completed,Completed,High,Transfers,True,False,,Completed,2,38,Within SLA,Matched,Medium,0,Matched,0.0,Matched,Matched,,15,High Priority,Low
AT00309,CL40514,Equities,Microsoft Corp.,MSFT,130,130,35374.4,35374.4,State Street,Itaú Custódia,External,Outbound,2026-08-24,2026-08-28,2026-08-28,Completed,Completed,Low,Transfers,True,False,,Completed,5,26,Within SLA,Matched,Low,0,Matched,0.0,Matched,Matched,,0,No Active Risk,Low
AT00310,CL44931,Funds,Global Equity Fund,GEF,4499,4499,470714.26,470714.26,BNY Mellon,Northern Trust,External,Inbound,2026-08-08,2026-08-10,2026-08-11,Completed,Completed,Low,Settlement,True,False,,Completed,5,42,Within SLA,Matched,Low,0,Matched,0.0,Matched,Matched,,0,No Active Risk,Low
AT00311,CL70402,Equities,Alphabet Inc.,GOOGL,1717,1717,451178.66,451178.66,State Street,Northern Trust,Internal,Inbound,2026-09-05,2026-09-10,2026-09-11,Completed,Completed,Low,Reconciliation,True,False,,Completed,2,14,Within SLA,Matched,Low,0,Matched,0.0,Matched,Matched,,0,No Active Risk,Low
AT00312,CL16827,ETFs,SPDR S&P 500 ETF,SPY,1943,1943,773508.17,773508.17,State Street,J.P. Morgan,Internal,Outbound,2026-09-07,2026-09-08,2026-09-08,Completed,Exception,High,Custody Operations,False,True,Missing Documentation,Exception,2,12,Outside SLA,Pending,Critical,0,Matched,0.0,Matched,Matched,,70,SLA Breach | Missing Documentation | High Priority,Critical
AT00313,CL88146,ETFs,Invesco QQQ,QQQ,743,743,138790.35,138790.35,Northern Trust,J.P. Morgan,External,Inbound,2026-08-04,2026-08-07,2026-08-07,Completed,Completed,Low,Reconciliation,True,False,,Completed,5,46,Within SLA,Matched,Low,0,Matched,0.0,Matched,Matched,,0,No Active Risk,Low
AT00314,CL83184,Bonds,US Treasury 5Y,UST5Y,385,385,361358.33,361358.33,Northern Trust,State Street,Internal,Outbound,2026-08-03,2026-08-07,,In Transit,In Progress,High,Custody Operations,True,False,,In Transit,2,47,Outside SLA,Pending,High,0,Matched,0.0,Matched,Matched,,45,SLA Breach | High Priority,High
AT00315,CL34874,ETFs,iShares MSCI Brazil ETF,EWZ,2858,2858,651693.97,651693.97,Northern Trust,State Street,Internal,Inbound,2026-09-03,2026-09-05,2026-09-05,Completed,Completed,Medium,Transfers,True,False,,Completed,2,16,Within SLA,Matched,Low,0,Matched,0.0,Matched,Matched,,0,No Active Risk,Low
AT00316,CL93627,Funds,Emerging Markets Fund,EMF,1569,1569,280737.76,280737.76,Itaú Custódia,State Street,Internal,Outbound,2026-08-05,2026-08-10,,Approval,In Progress,Medium,Settlement,True,False,,Pending Approval,2,45,Outside SLA,Pending,High,0,Matched,0.0,Matched,Matched,,30,SLA Breach,Medium
AT00317,CL90352,Bonds,US Treasury 5Y,UST5Y,219,219,225171.59,225171.59,J.P. Morgan,BNY Mellon,Internal,Inbound,2026-08-09,2026-08-11,,Approval,In Progress,Low,Transfers,True,False,,Pending Approval,2,41,Outside SLA,Pending,High,0,Matched,0.0,Matched,Matched,,30,SLA Breach,Medium
AT00318,CL14170,Funds,Emerging Markets Fund,EMF,4063,4063,465814.2,465814.2,Itaú Custódia,State Street,Internal,Outbound,2026-08-15,2026-08-20,,Validation,In Progress,Low,Custody Operations,True,False,,Pending Approval,2,35,Outside SLA,Pending,High,0,Matched,0.0,Matched,Matched,,30,SLA Breach,Medium
AT00319,CL20480,Funds,Emerging Markets Fund,EMF,547,547,46476.78,46476.78,Northern Trust,State Street,Internal,Outbound,2026-09-03,2026-09-04,,Reconciliation,In Progress,Low,Transfers,True,False,,Pending Reconciliation,2,16,Outside SLA,Pending,High,0,Matched,0.0,Matched,Matched,,30,SLA Breach,Medium
AT00320,CL23267,ETFs,iShares MSCI Brazil ETF,EWZ,3166,3166,488207.42,488207.42,Itaú Custódia,BNY Mellon,Internal,Outbound,2026-08-07,2026-08-12,2026-08-13,Completed,Completed,Medium,Transfers,True,False,,Completed,2,43,Within SLA,Matched,Low,0,Matched,0.0,Matched,Matched,,0,No Active Risk,Low
AT00321,CL31864,ETFs,iShares MSCI Brazil ETF,EWZ,3299,3299,1080689.82,1080689.82,BNY Mellon,Itaú Custódia,External,Outbound,2026-09-05,2026-09-08,,Sent to Custodian,In Progress,Medium,Reconciliation,True,False,,In Transit,5,14,Outside SLA,Pending,High,0,Matched,0.0,Matched,Matched,,30,SLA Breach,Medium
AT00322,CL89745,ETFs,iShares MSCI Brazil ETF,EWZ,4479,4479,750951.27,750951.27,Itaú Custódia,State Street,External,Outbound,2026-08-29,2026-09-02,2026-09-02,Completed,Completed,High,Transfers,True,False,,Completed,5,21,Within SLA,Matched,Medium,0,Matched,0.0,Matched,Matched,,15,High Priority,Low
AT00323,CL77844,ETFs,Invesco QQQ,QQQ,63,63,13556.57,12389.68,BNY Mellon,State Street,External,Inbound,2026-09-14,2026-09-17,,Reconciliation,Exception,High,Custody Operations,True,True,Value Difference,Exception,5,5,Within SLA,Pending,High,0,Matched,1166.8899999999994,Difference,Value Difference,Medium,70,Value Difference | High Priority,Critical
AT00324,CL56616,ETFs,SPDR S&P 500 ETF,SPY,2180,2180,549132.39,549132.39,Itaú Custódia,BNY Mellon,Internal,Outbound,2026-08-20,2026-08-21,2026-08-21,Completed,Completed,High,Reconciliation,True,False,,Completed,2,30,Within SLA,Matched,Medium,0,Matched,0.0,Matched,Matched,,15,High Priority,Low
AT00325,CL73246,ETFs,Invesco QQQ,QQQ,4730,4703,2368468.96,2368468.96,J.P. Morgan,Northern Trust,Internal,Outbound,2026-08-06,2026-08-07,,Sent to Custodian,Exception,High,Settlement,True,True,Quantity Difference,Exception,2,44,Outside SLA,Pending,Critical,27,Difference,0.0,Matched,Quantity Difference,High,100,SLA Breach | Quantity Difference | High Priority,Critical
AT00326,CL95561,Equities,NVIDIA Corp.,NVDA,453,453,84780.09,84780.09,J.P. Morgan,Northern Trust,Internal,Outbound,2026-09-02,2026-09-04,2026-09-05,Completed,Completed,High,Transfers,True,False,,Completed,2,17,Within SLA,Matched,Medium,0,Matched,0.0,Matched,Matched,,15,High Priority,Low
AT00327,CL39109,Funds,Global Fixed Income Fund,GIF,3280,3280,152986.52,152986.52,State Street,J.P. Morgan,External,Inbound,2026-09-05,2026-09-09,2026-09-10,Completed,Completed,High,Settlement,True,False,,Completed,5,14,Within SLA,Matched,Medium,0,Matched,0.0,Matched,Matched,,15,High Priority,Low
AT00328,CL27677,Funds,Emerging Markets Fund,EMF,1672,1672,180266.68,180266.68,Itaú Custódia,BNY Mellon,Internal,Inbound,2026-08-05,2026-08-08,,Registered,In Progress,High,Transfers,True,False,,In Transit,2,45,Outside SLA,Pending,High,0,Matched,0.0,Matched,Matched,,45,SLA Breach | High Priority,High
AT00329,CL24749,Funds,Global Fixed Income Fund,GIF,3042,3042,251559.45,251559.45,State Street,Northern Trust,Internal,Outbound,2026-08-11,2026-08-14,2026-08-15,Completed,Completed,Medium,Transfers,True,False,,Completed,2,39,Within SLA,Matched,Low,0,Matched,0.0,Matched,Matched,,0,No Active Risk,Low
AT00330,CL40603,ETFs,iShares MSCI Brazil ETF,EWZ,3072,3072,417162.76,417162.76,J.P. Morgan,BNY Mellon,Internal,Inbound,2026-09-09,2026-09-11,,Reconciliation,In Progress,Medium,Transfers,True,False,,Pending Reconciliation,2,10,Outside SLA,Pending,High,0,Matched,0.0,Matched,Matched,,30,SLA Breach,Medium
AT00331,CL49992,Funds,Global Fixed Income Fund,GIF,236,236,18818.12,18818.12,Itaú Custódia,BNY Mellon,Internal,Outbound,2026-09-05,2026-09-09,2026-09-09,Completed,Completed,High,Transfers,True,False,,Completed,2,14,Within SLA,Matched,Medium,0,Matched,0.0,Matched,Matched,,15,High Priority,Low
AT00332,CL59362,Equities,Amazon.com Inc.,AMZN,1405,1405,108254.58,108254.58,BNY Mellon,Northern Trust,Internal,Outbound,2026-09-11,2026-09-12,2026-09-12,Completed,Completed,High,Reconciliation,True,False,,Completed,2,8,Within SLA,Matched,Medium,0,Matched,0.0,Matched,Matched,,15,High Priority,Low
AT00333,CL24141,Equities,Amazon.com Inc.,AMZN,3176,3176,489186.19,489186.19,Northern Trust,J.P. Morgan,External,Outbound,2026-09-08,2026-09-13,2026-09-13,Completed,Completed,Medium,Transfers,True,False,,Completed,5,11,Within SLA,Matched,Low,0,Matched,0.0,Matched,Matched,,0,No Active Risk,Low
AT00334,CL15210,ETFs,iShares MSCI Brazil ETF,EWZ,2507,2507,585292.49,585292.49,Northern Trust,BNY Mellon,Internal,Outbound,2026-09-13,2026-09-16,2026-09-16,Completed,Completed,High,Reconciliation,True,False,,Completed,2,6,Within SLA,Matched,Medium,0,Matched,0.0,Matched,Matched,,15,High Priority,Low
AT00335,CL18127,Bonds,US Treasury 5Y,UST5Y,465,465,511495.52,511495.52,J.P. Morgan,Northern Trust,Internal,Inbound,2026-08-22,2026-08-26,2026-08-26,Completed,Completed,High,Settlement,True,False,,Completed,2,28,Within SLA,Matched,Medium,0,Matched,0.0,Matched,Matched,,15,High Priority,Low
AT00336,CL64700,ETFs,iShares MSCI Brazil ETF,EWZ,1261,1261,358824.8,358824.8,State Street,Northern Trust,External,Inbound,2026-08-14,2026-08-16,2026-08-16,Completed,Completed,Medium,Settlement,True,False,,Completed,5,36,Within SLA,Matched,Low,0,Matched,0.0,Matched,Matched,,0,No Active Risk,Low
AT00337,CL66369,ETFs,iShares MSCI Brazil ETF,EWZ,4637,4637,2570806.9,2570806.9,State Street,J.P. Morgan,Internal,Inbound,2026-08-21,2026-08-23,,Reconciliation,In Progress,Medium,Custody Operations,True,False,,Pending Reconciliation,2,29,Outside SLA,Pending,High,0,Matched,0.0,Matched,Matched,,30,SLA Breach,Medium
AT00338,CL49760,Funds,Emerging Markets Fund,EMF,2292,2292,108531.4,108531.4,BNY Mellon,J.P. Morgan,Internal,Inbound,2026-08-02,2026-08-07,2026-08-07,Completed,Completed,Low,Transfers,True,False,,Completed,2,48,Within SLA,Matched,Low,0,Matched,0.0,Matched,Matched,,0,No Active Risk,Low
AT00339,CL57089,Equities,NVIDIA Corp.,NVDA,1108,1108,305859.04,305859.04,Itaú Custódia,Northern Trust,External,Inbound,2026-08-25,2026-08-29,2026-08-29,Completed,Completed,Low,Custody Operations,True,False,,Completed,5,25,Within SLA,Matched,Low,0,Matched,0.0,Matched,Matched,,0,No Active Risk,Low
AT00340,CL11967,Bonds,US Treasury 5Y,UST5Y,123,123,128962.22,128962.22,BNY Mellon,State Street,Internal,Inbound,2026-08-29,2026-09-03,2026-09-03,Completed,Completed,Low,Custody Operations,True,False,,Completed,2,21,Within SLA,Matched,Low,0,Matched,0.0,Matched,Matched,,0,No Active Risk,Low
AT00341,CL63066,Equities,Alphabet Inc.,GOOGL,3126,3126,1169406.63,1169406.63,Northern Trust,J.P. Morgan,Internal,Outbound,2026-08-30,2026-08-31,,Approval,In Progress,Medium,Transfers,True,False,,Pending Approval,2,20,Outside SLA,Pending,High,0,Matched,0.0,Matched,Matched,,30,SLA Breach,Medium
AT00342,CL83098,Funds,Emerging Markets Fund,EMF,453,453,24540.4,24540.4,Northern Trust,Itaú Custódia,External,Outbound,2026-08-30,2026-09-01,2026-09-01,Completed,Completed,Low,Custody Operations,True,False,,Completed,5,20,Within SLA,Matched,Low,0,Matched,0.0,Matched,Matched,,0,No Active Risk,Low
AT00343,CL94685,Funds,Global Equity Fund,GEF,4151,4151,167579.55,167579.55,Itaú Custódia,BNY Mellon,External,Outbound,2026-08-21,2026-08-25,2026-08-26,Completed,Completed,High,Settlement,True,False,,Completed,5,29,Within SLA,Matched,Medium,0,Matched,0.0,Matched,Matched,,15,High Priority,Low
AT00344,CL69596,Equities,Amazon.com Inc.,AMZN,2664,2664,962430.85,962430.85,BNY Mellon,J.P. Morgan,Internal,Inbound,2026-09-15,2026-09-19,2026-09-19,Completed,Completed,Medium,Settlement,True,False,,Completed,2,4,Within SLA,Matched,Low,0,Matched,0.0,Matched,Matched,,0,No Active Risk,Low
AT00345,CL59634,Funds,Global Equity Fund,GEF,1449,1449,266913.77,266913.77,Itaú Custódia,BNY Mellon,Internal,Inbound,2026-08-12,2026-08-13,2026-08-13,Completed,Completed,Medium,Reconciliation,True,False,,Completed,2,38,Within SLA,Matched,Low,0,Matched,0.0,Matched,Matched,,0,No Active Risk,Low
AT00346,CL92110,ETFs,SPDR S&P 500 ETF,SPY,1087,1087,628545.39,628545.39,J.P. Morgan,Northern Trust,Internal,Outbound,2026-09-01,2026-09-05,2026-09-05,Completed,Completed,Medium,Settlement,True,False,,Completed,2,18,Within SLA,Matched,Low,0,Matched,0.0,Matched,Matched,,0,No Active Risk,Low
AT00347,CL38426,Funds,Global Fixed Income Fund,GIF,3409,3409,339323.56,339323.56,Itaú Custódia,J.P. Morgan,Internal,Outbound,2026-09-09,2026-09-14,,Approval,Exception,High,Transfers,False,True,Missing Documentation,Exception,2,10,Outside SLA,Pending,Critical,0,Matched,0.0,Matched,Matched,,70,SLA Breach | Missing Documentation | High Priority,Critical
AT00348,CL95626,Bonds,US Treasury 10Y,UST10Y,84,84,89944.33,89944.33,Itaú Custódia,State Street,External,Inbound,2026-08-04,2026-08-05,2026-08-05,Completed,Completed,Medium,Settlement,True,False,,Completed,5,46,Within SLA,Matched,Low,0,Matched,0.0,Matched,Matched,,0,No Active Risk,Low
AT00349,CL69682,Bonds,US Treasury 10Y,UST10Y,57,57,60061.04,60061.04,State Street,Northern Trust,External,Inbound,2026-08-28,2026-09-02,2026-09-03,Completed,Completed,High,Reconciliation,True,False,,Completed,5,22,Within SLA,Matched,Medium,0,Matched,0.0,Matched,Matched,,15,High Priority,Low
AT00350,CL53150,Funds,Emerging Markets Fund,EMF,1769,1769,256946.03,256946.03,Itaú Custódia,J.P. Morgan,Internal,Inbound,2026-08-31,2026-09-05,,Sent to Custodian,Exception,High,Reconciliation,True,True,Custodian Rejection,Exception,2,19,Outside SLA,Pending,Critical,0,Matched,0.0,Matched,Matched,,70,SLA Breach | Custodian Rejection | High Priority,Critical
AT00351,CL27001,Funds,Emerging Markets Fund,EMF,4127,4127,448401.86,448401.86,BNY Mellon,State Street,External,Inbound,2026-08-01,2026-08-02,2026-08-02,Completed,Completed,Low,Custody Operations,True,False,,Completed,5,49,Within SLA,Matched,Low,0,Matched,0.0,Matched,Matched,,0,No Active Risk,Low
AT00352,CL64269,Equities,Amazon.com Inc.,AMZN,2874,2874,868485.37,868485.37,BNY Mellon,J.P. Morgan,Internal,Outbound,2026-08-17,2026-08-18,2026-08-18,Completed,Completed,Low,Reconciliation,True,False,,Completed,2,33,Within SLA,Matched,Low,0,Matched,0.0,Matched,Matched,,0,No Active Risk,Low
AT00353,CL54742,Funds,Emerging Markets Fund,EMF,4710,4700,616439.16,616439.16,J.P. Morgan,State Street,Internal,Outbound,2026-08-22,2026-08-26,,Validation,Exception,Medium,Custody Operations,True,True,Quantity Difference,Exception,2,28,Outside SLA,Pending,Critical,10,Difference,0.0,Matched,Quantity Difference,High,85,SLA Breach | Quantity Difference,Critical
AT00354,CL80381,Bonds,US Treasury 5Y,UST5Y,411,411,436824.5,436824.5,J.P. Morgan,Northern Trust,External,Inbound,2026-08-14,2026-08-19,2026-08-19,Completed,Exception,High,Reconciliation,False,True,Missing Documentation,Exception,5,36,Outside SLA,Pending,Critical,0,Matched,0.0,Matched,Matched,,70,SLA Breach | Missing Documentation | High Priority,Critical
AT00355,CL14085,Bonds,US Treasury 5Y,UST5Y,330,330,332262.03,332262.03,BNY Mellon,Itaú Custódia,Internal,Inbound,2026-08-20,2026-08-23,,Registered,In Progress,Medium,Settlement,True,False,,In Transit,2,30,Outside SLA,Pending,High,0,Matched,0.0,Matched,Matched,,30,SLA Breach,Medium
AT00356,CL58704,Funds,Global Fixed Income Fund,GIF,1820,1820,208422.9,208422.9,BNY Mellon,J.P. Morgan,External,Inbound,2026-08-13,2026-08-14,2026-08-14,Completed,Completed,High,Settlement,True,False,,Completed,5,37,Within SLA,Matched,Medium,0,Matched,0.0,Matched,Matched,,15,High Priority,Low
AT00357,CL34931,Bonds,US Treasury 5Y,UST5Y,385,385,413788.69,413788.69,State Street,Northern Trust,Internal,Inbound,2026-09-03,2026-09-05,2026-09-05,Completed,Completed,High,Transfers,True,False,,Completed,2,16,Within SLA,Matched,Medium,0,Matched,0.0,Matched,Matched,,15,High Priority,Low
AT00358,CL10538,Bonds,US Treasury 10Y,UST10Y,361,361,386134.55,386134.55,J.P. Morgan,Northern Trust,External,Inbound,2026-08-07,2026-08-12,,Settlement,In Progress,High,Reconciliation,True,False,,Pending Settlement,5,43,Outside SLA,Pending,High,0,Matched,0.0,Matched,Matched,,45,SLA Breach | High Priority,High
AT00359,CL93735,ETFs,Invesco QQQ,QQQ,1652,1652,257546.97,257546.97,State Street,Northern Trust,External,Inbound,2026-08-18,2026-08-20,2026-08-20,Completed,Exception,Medium,Transfers,False,True,Missing Documentation,Exception,5,32,Outside SLA,Pending,Critical,0,Matched,0.0,Matched,Matched,,55,SLA Breach | Missing Documentation,High
AT00360,CL37076,Bonds,Brazilian Government Bond,BRGOV,173,173,165078.4,165078.4,State Street,BNY Mellon,Internal,Inbound,2026-08-20,2026-08-25,,In Transit,In Progress,Low,Transfers,True,False,,In Transit,2,30,Outside SLA,Pending,High,0,Matched,0.0,Matched,Matched,,30,SLA Breach,Medium
AT00361,CL71700,Equities,Apple Inc.,AAPL,3152,3152,233909.74,233909.74,Northern Trust,Itaú Custódia,Internal,Outbound,2026-09-09,2026-09-12,2026-09-12,Completed,Completed,High,Transfers,True,False,,Completed,2,10,Within SLA,Matched,Medium,0,Matched,0.0,Matched,Matched,,15,High Priority,Low
AT00362,CL71039,ETFs,SPDR S&P 500 ETF,SPY,3846,3846,398040.42,398040.42,State Street,Itaú Custódia,External,Inbound,2026-08-15,2026-08-17,,In Transit,In Progress,Medium,Custody Operations,True,False,,In Transit,5,35,Outside SLA,Pending,High,0,Matched,0.0,Matched,Matched,,30,SLA Breach,Medium
AT00363,CL34032,Bonds,US Treasury 5Y,UST5Y,242,242,241395.33,241395.33,J.P. Morgan,Itaú Custódia,Internal,Outbound,2026-08-31,2026-09-04,,Registered,In Progress,High,Settlement,True,False,,In Transit,2,19,Outside SLA,Pending,High,0,Matched,0.0,Matched,Matched,,45,SLA Breach | High Priority,High
AT00364,CL76577,Equities,NVIDIA Corp.,NVDA,886,886,174224.26,174224.26,J.P. Morgan,Northern Trust,External,Outbound,2026-09-07,2026-09-11,2026-09-11,Completed,Completed,Medium,Custody Operations,True,False,,Completed,5,12,Within SLA,Matched,Low,0,Matched,0.0,Matched,Matched,,0,No Active Risk,Low
AT00365,CL18658,Bonds,US Treasury 10Y,UST10Y,426,426,442533.9,442533.9,Northern Trust,Itaú Custódia,External,Inbound,2026-08-12,2026-08-13,,Settlement,In Progress,Medium,Transfers,True,False,,Pending Settlement,5,38,Outside SLA,Pending,High,0,Matched,0.0,Matched,Matched,,30,SLA Breach,Medium
AT00366,CL87616,Funds,Global Fixed Income Fund,GIF,4597,4597,172744.7,172744.7,Northern Trust,BNY Mellon,External,Outbound,2026-08-05,2026-08-10,2026-08-11,Completed,Completed,High,Transfers,True,False,,Completed,5,45,Within SLA,Matched,Medium,0,Matched,0.0,Matched,Matched,,15,High Priority,Low
AT00367,CL21866,ETFs,SPDR S&P 500 ETF,SPY,4767,4767,2606551.76,2606551.76,J.P. Morgan,State Street,Internal,Outbound,2026-09-04,2026-09-07,2026-09-08,Completed,Completed,High,Reconciliation,True,False,,Completed,2,15,Within SLA,Matched,Medium,0,Matched,0.0,Matched,Matched,,15,High Priority,Low
AT00368,CL49286,Bonds,US Treasury 5Y,UST5Y,377,377,413386.55,413386.55,State Street,J.P. Morgan,Internal,Outbound,2026-08-09,2026-08-12,2026-08-12,Completed,Exception,Medium,Reconciliation,False,True,Missing Documentation,Exception,2,41,Outside SLA,Pending,Critical,0,Matched,0.0,Matched,Matched,,55,SLA Breach | Missing Documentation,High
AT00369,CL24378,Bonds,US Treasury 10Y,UST10Y,130,130,128224.6,128224.6,Itaú Custódia,Northern Trust,External,Outbound,2026-08-26,2026-08-30,2026-08-30,Completed,Completed,Medium,Settlement,True,False,,Completed,5,24,Within SLA,Matched,Low,0,Matched,0.0,Matched,Matched,,0,No Active Risk,Low
AT00370,CL34671,Funds,Global Fixed Income Fund,GIF,3467,3467,165612.05,165612.05,BNY Mellon,State Street,Internal,Inbound,2026-09-11,2026-09-12,2026-09-13,Completed,Completed,Low,Transfers,True,False,,Completed,2,8,Within SLA,Matched,Low,0,Matched,0.0,Matched,Matched,,0,No Active Risk,Low
AT00371,CL27985,Funds,Global Fixed Income Fund,GIF,3537,3537,467537.38,467537.38,Northern Trust,Itaú Custódia,External,Outbound,2026-08-23,2026-08-25,2026-08-25,Completed,Completed,High,Settlement,True,False,,Completed,5,27,Within SLA,Matched,Medium,0,Matched,0.0,Matched,Matched,,15,High Priority,Low
AT00372,CL75762,Bonds,US Treasury 5Y,UST5Y,484,484,488468.89,488468.89,State Street,J.P. Morgan,Internal,Outbound,2026-09-15,2026-09-18,2026-09-19,Completed,Completed,Low,Settlement,True,False,,Completed,2,4,Within SLA,Matched,Low,0,Matched,0.0,Matched,Matched,,0,No Active Risk,Low
AT00373,CL78997,Bonds,US Treasury 5Y,UST5Y,274,274,250887.26,250887.26,Itaú Custódia,J.P. Morgan,Internal,Outbound,2026-09-10,2026-09-11,2026-09-11,Completed,Completed,Medium,Transfers,True,False,,Completed,2,9,Within SLA,Matched,Low,0,Matched,0.0,Matched,Matched,,0,No Active Risk,Low
AT00374,CL71455,Funds,Emerging Markets Fund,EMF,3893,3893,480060.45,480060.45,State Street,Itaú Custódia,External,Outbound,2026-08-19,2026-08-21,2026-08-21,Completed,Completed,High,Reconciliation,True,False,,Completed,5,31,Within SLA,Matched,Medium,0,Matched,0.0,Matched,Matched,,15,High Priority,Low
AT00375,CL18050,Funds,Emerging Markets Fund,EMF,1435,1435,176669.74,176669.74,State Street,J.P. Morgan,External,Outbound,2026-08-06,2026-08-08,2026-08-08,Completed,Completed,High,Reconciliation,True,False,,Completed,5,44,Within SLA,Matched,Medium,0,Matched,0.0,Matched,Matched,,15,High Priority,Low
AT00376,CL46073,Bonds,US Treasury 10Y,UST10Y,389,389,358778.54,358778.54,BNY Mellon,State Street,External,Outbound,2026-08-12,2026-08-15,,Approval,In Progress,High,Transfers,True,False,,Pending Approval,5,38,Outside SLA,Pending,High,0,Matched,0.0,Matched,Matched,,45,SLA Breach | High Priority,High
AT00377,CL54937,Equities,Microsoft Corp.,MSFT,4888,4888,2298698.5,2298698.5,BNY Mellon,Itaú Custódia,External,Outbound,2026-08-16,2026-08-20,,Approval,In Progress,High,Reconciliation,True,False,,Pending Approval,5,34,Outside SLA,Pending,High,0,Matched,0.0,Matched,Matched,,45,SLA Breach | High Priority,High
AT00378,CL17120,Bonds,US Treasury 10Y,UST10Y,36,36,33606.72,33606.72,Northern Trust,Itaú Custódia,External,Outbound,2026-09-04,2026-09-06,2026-09-07,Completed,Completed,Low,Custody Operations,True,False,,Completed,5,15,Within SLA,Matched,Low,0,Matched,0.0,Matched,Matched,,0,No Active Risk,Low
AT00379,CL11554,Bonds,US Treasury 5Y,UST5Y,205,205,212318.23,212318.23,Itaú Custódia,J.P. Morgan,Internal,Outbound,2026-08-28,2026-09-02,,Sent to Custodian,Exception,High,Reconciliation,True,True,Custodian Rejection,Exception,2,22,Outside SLA,Pending,Critical,0,Matched,0.0,Matched,Matched,,70,SLA Breach | Custodian Rejection | High Priority,Critical
AT00380,CL95766,Funds,Global Fixed Income Fund,GIF,2030,2030,308918.14,308918.14,Itaú Custódia,BNY Mellon,External,Inbound,2026-08-21,2026-08-26,2026-08-26,Completed,Completed,Low,Custody Operations,True,False,,Completed,5,29,Within SLA,Matched,Low,0,Matched,0.0,Matched,Matched,,0,No Active Risk,Low
AT00381,CL22805,Equities,NVIDIA Corp.,NVDA,2889,2889,429702.19,429702.19,State Street,Northern Trust,Internal,Inbound,2026-08-02,2026-08-07,2026-08-07,Completed,Completed,High,Transfers,True,False,,Completed,2,48,Within SLA,Matched,Medium,0,Matched,0.0,Matched,Matched,,15,High Priority,Low
AT00382,CL25725,Equities,Alphabet Inc.,GOOGL,1074,1074,235400.71,235400.71,Itaú Custódia,BNY Mellon,Internal,Inbound,2026-08-17,2026-08-20,2026-08-20,Completed,Completed,Medium,Custody Operations,True,False,,Completed,2,33,Within SLA,Matched,Low,0,Matched,0.0,Matched,Matched,,0,No Active Risk,Low
AT00383,CL97500,Bonds,US Treasury 5Y,UST5Y,92,92,97165.46,97165.46,State Street,J.P. Morgan,External,Outbound,2026-08-22,2026-08-23,2026-08-23,Completed,Completed,Low,Custody Operations,True,False,,Completed,5,28,Within SLA,Matched,Low,0,Matched,0.0,Matched,Matched,,0,No Active Risk,Low
AT00384,CL36302,Funds,Global Equity Fund,GEF,4080,4080,161231.34,161231.34,Itaú Custódia,Northern Trust,Internal,Inbound,2026-08-29,2026-09-01,2026-09-01,Completed,Exception,Medium,Reconciliation,False,True,Missing Documentation,Exception,2,21,Outside SLA,Pending,Critical,0,Matched,0.0,Matched,Matched,,55,SLA Breach | Missing Documentation,High
AT00385,CL68442,Equities,NVIDIA Corp.,NVDA,1229,1229,422517.17,422517.17,J.P. Morgan,BNY Mellon,External,Outbound,2026-08-10,2026-08-13,,Reconciliation,Exception,High,Custody Operations,False,True,Settlement Delay,Exception,5,40,Outside SLA,Pending,Critical,0,Matched,0.0,Matched,Matched,,70,SLA Breach | Settlement Delay | High Priority,Critical
AT00386,CL67154,Funds,Emerging Markets Fund,EMF,624,624,73147.26,73147.26,J.P. Morgan,Itaú Custódia,External,Inbound,2026-09-06,2026-09-11,,Sent to Custodian,Exception,High,Transfers,True,True,Custodian Rejection,Exception,5,13,Outside SLA,Pending,Critical,0,Matched,0.0,Matched,Matched,,70,SLA Breach | Custodian Rejection | High Priority,Critical
AT00387,CL92873,Equities,Amazon.com Inc.,AMZN,4389,4389,1904843.27,1904843.27,State Street,J.P. Morgan,External,Outbound,2026-09-11,2026-09-13,2026-09-13,Completed,Completed,High,Settlement,True,False,,Completed,5,8,Within SLA,Matched,Medium,0,Matched,0.0,Matched,Matched,,15,High Priority,Low
AT00388,CL49173,Funds,Global Equity Fund,GEF,2993,2993,321958.92,321958.92,Northern Trust,BNY Mellon,Internal,Inbound,2026-08-13,2026-08-14,,In Transit,In Progress,Medium,Transfers,True,False,,In Transit,2,37,Outside SLA,Pending,High,0,Matched,0.0,Matched,Matched,,30,SLA Breach,Medium
AT00389,CL80851,Bonds,US Treasury 5Y,UST5Y,283,283,309316.39,309316.39,Northern Trust,J.P. Morgan,Internal,Outbound,2026-08-04,2026-08-07,,Validation,In Progress,Low,Custody Operations,True,False,,Pending Approval,2,46,Outside SLA,Pending,High,0,Matched,0.0,Matched,Matched,,30,SLA Breach,Medium
AT00390,CL98877,ETFs,iShares MSCI Brazil ETF,EWZ,4756,4756,847243.89,847243.89,J.P. Morgan,BNY Mellon,Internal,Outbound,2026-09-11,2026-09-12,2026-09-12,Completed,Completed,High,Settlement,True,False,,Completed,2,8,Within SLA,Matched,Medium,0,Matched,0.0,Matched,Matched,,15,High Priority,Low
AT00391,CL11882,ETFs,iShares MSCI Brazil ETF,EWZ,419,419,229429.44,229429.44,J.P. Morgan,Itaú Custódia,Internal,Inbound,2026-08-07,2026-08-08,2026-08-08,Completed,Exception,High,Custody Operations,False,True,Missing Documentation,Exception,2,43,Outside SLA,Pending,Critical,0,Matched,0.0,Matched,Matched,,70,SLA Breach | Missing Documentation | High Priority,Critical
AT00392,CL54216,Funds,Global Fixed Income Fund,GIF,1039,1039,203284.08,203284.08,Itaú Custódia,BNY Mellon,External,Inbound,2026-08-03,2026-08-08,2026-08-08,Completed,Completed,Low,Custody Operations,True,False,,Completed,5,47,Within SLA,Matched,Low,0,Matched,0.0,Matched,Matched,,0,No Active Risk,Low
AT00393,CL32026,Bonds,Brazilian Government Bond,BRGOV,94,94,92846.83,92846.83,Itaú Custódia,J.P. Morgan,Internal,Inbound,2026-09-10,2026-09-15,2026-09-15,Completed,Exception,High,Transfers,False,True,Missing Documentation,Exception,2,9,Outside SLA,Pending,Critical,0,Matched,0.0,Matched,Matched,,70,SLA Breach | Missing Documentation | High Priority,Critical
AT00394,CL10832,Equities,Microsoft Corp.,MSFT,740,740,272344.84,272344.84,Itaú Custódia,State Street,External,Outbound,2026-09-14,2026-09-16,2026-09-16,Completed,Completed,Medium,Settlement,True,False,,Completed,5,5,Within SLA,Matched,Low,0,Matched,0.0,Matched,Matched,,0,No Active Risk,Low
AT00395,CL32878,Equities,Alphabet Inc.,GOOGL,1484,1484,553145.33,553145.33,Itaú Custódia,J.P. Morgan,External,Outbound,2026-08-27,2026-08-28,2026-08-28,Completed,Completed,High,Transfers,True,False,,Completed,5,23,Within SLA,Matched,Medium,0,Matched,0.0,Matched,Matched,,15,High Priority,Low
AT00396,CL91123,Bonds,Brazilian Government Bond,BRGOV,269,269,253897.06,253897.06,BNY Mellon,Northern Trust,Internal,Inbound,2026-08-08,2026-08-10,2026-08-11,Completed,Completed,Low,Transfers,True,False,,Completed,2,42,Within SLA,Matched,Low,0,Matched,0.0,Matched,Matched,,0,No Active Risk,Low
AT00397,CL17081,Bonds,US Treasury 5Y,UST5Y,117,117,115471.32,115471.32,State Street,Itaú Custódia,Internal,Inbound,2026-08-04,2026-08-09,2026-08-09,Completed,Completed,Low,Transfers,True,False,,Completed,2,46,Within SLA,Matched,Low,0,Matched,0.0,Matched,Matched,,0,No Active Risk,Low
AT00398,CL40841,Funds,Emerging Markets Fund,EMF,4799,4799,377561.4,377561.4,BNY Mellon,Northern Trust,Internal,Inbound,2026-08-21,2026-08-23,2026-08-24,Completed,Completed,Medium,Settlement,True,False,,Completed,2,29,Within SLA,Matched,Low,0,Matched,0.0,Matched,Matched,,0,No Active Risk,Low
AT00399,CL19637,Funds,Emerging Markets Fund,EMF,4018,4018,119660.4,119660.4,Northern Trust,BNY Mellon,Internal,Outbound,2026-08-12,2026-08-16,2026-08-17,Completed,Completed,High,Reconciliation,True,False,,Completed,2,38,Within SLA,Matched,Medium,0,Matched,0.0,Matched,Matched,,15,High Priority,Low
AT00400,CL45349,ETFs,Invesco QQQ,QQQ,1052,1052,71169.93,71169.93,Itaú Custódia,J.P. Morgan,External,Inbound,2026-08-08,2026-08-12,2026-08-12,Completed,Completed,Low,Reconciliation,True,False,,Completed,5,42,Within SLA,Matched,Low,0,Matched,0.0,Matched,Matched,,0,No Active Risk,Low
AT00401,CL89119,ETFs,iShares MSCI Brazil ETF,EWZ,1402,1402,515889.45,515889.45,Itaú Custódia,BNY Mellon,Internal,Outbound,2026-09-03,2026-09-07,,Approval,In Progress,Medium,Reconciliation,True,False,,Pending Approval,2,16,Outside SLA,Pending,High,0,Matched,0.0,Matched,Matched,,30,SLA Breach,Medium
AT00402,CL11901,Funds,Emerging Markets Fund,EMF,2070,2070,133742.0,133742.0,Northern Trust,BNY Mellon,Internal,Inbound,2026-08-27,2026-08-28,2026-08-29,Completed,Completed,High,Transfers,True,False,,Completed,2,23,Within SLA,Matched,Medium,0,Matched,0.0,Matched,Matched,,15,High Priority,Low
AT00403,CL65797,Funds,Global Fixed Income Fund,GIF,852,852,86426.41,86426.41,BNY Mellon,J.P. Morgan,Internal,Outbound,2026-08-14,2026-08-16,2026-08-16,Completed,Completed,Low,Transfers,True,False,,Completed,2,36,Within SLA,Matched,Low,0,Matched,0.0,Matched,Matched,,0,No Active Risk,Low
AT00404,CL72886,Bonds,US Treasury 10Y,UST10Y,370,370,366986.93,366986.93,Itaú Custódia,J.P. Morgan,External,Outbound,2026-08-09,2026-08-13,2026-08-13,Completed,Completed,High,Transfers,True,False,,Completed,5,41,Within SLA,Matched,Medium,0,Matched,0.0,Matched,Matched,,15,High Priority,Low
AT00405,CL92222,Equities,NVIDIA Corp.,NVDA,2737,2737,790758.02,790758.02,State Street,Itaú Custódia,External,Inbound,2026-09-13,2026-09-14,2026-09-14,Completed,Completed,Low,Reconciliation,True,False,,Completed,5,6,Within SLA,Matched,Low,0,Matched,0.0,Matched,Matched,,0,No Active Risk,Low
AT00406,CL16758,Equities,NVIDIA Corp.,NVDA,3004,3004,779264.02,779264.02,J.P. Morgan,Northern Trust,External,Inbound,2026-09-11,2026-09-16,,In Transit,In Progress,Low,Settlement,True,False,,In Transit,5,8,Outside SLA,Pending,High,0,Matched,0.0,Matched,Matched,,30,SLA Breach,Medium
AT00407,CL53899,ETFs,iShares MSCI Brazil ETF,EWZ,940,940,382552.85,382552.85,Itaú Custódia,BNY Mellon,Internal,Outbound,2026-08-23,2026-08-26,2026-08-27,Completed,Completed,Low,Reconciliation,True,False,,Completed,2,27,Within SLA,Matched,Low,0,Matched,0.0,Matched,Matched,,0,No Active Risk,Low
AT00408,CL55249,Funds,Global Fixed Income Fund,GIF,4157,4157,477235.52,477235.52,J.P. Morgan,Itaú Custódia,External,Outbound,2026-09-09,2026-09-12,,Settlement,In Progress,Low,Settlement,True,False,,Pending Settlement,5,10,Outside SLA,Pending,High,0,Matched,0.0,Matched,Matched,,30,SLA Breach,Medium
AT00409,CL70014,Equities,Apple Inc.,AAPL,3210,3210,1457582.79,1457582.79,State Street,J.P. Morgan,Internal,Inbound,2026-08-18,2026-08-19,2026-08-20,Completed,Completed,Low,Transfers,True,False,,Completed,2,32,Within SLA,Matched,Low,0,Matched,0.0,Matched,Matched,,0,No Active Risk,Low
AT00410,CL48426,Funds,Emerging Markets Fund,EMF,4485,4485,841878.74,841878.74,Northern Trust,State Street,External,Outbound,2026-09-11,2026-09-12,2026-09-12,Completed,Exception,High,Reconciliation,False,True,Missing Documentation,Exception,5,8,Outside SLA,Pending,Critical,0,Matched,0.0,Matched,Matched,,70,SLA Breach | Missing Documentation | High Priority,Critical
AT00411,CL63961,Bonds,Brazilian Government Bond,BRGOV,340,340,359504.06,359504.06,Northern Trust,Itaú Custódia,External,Outbound,2026-09-06,2026-09-08,,Registered,In Progress,Medium,Settlement,True,False,,In Transit,5,13,Outside SLA,Pending,High,0,Matched,0.0,Matched,Matched,,30,SLA Breach,Medium
AT00412,CL73470,Bonds,US Treasury 5Y,UST5Y,404,404,431917.51,431917.51,BNY Mellon,Northern Trust,External,Outbound,2026-08-11,2026-08-16,,Reconciliation,Exception,Medium,Settlement,True,True,Account Mismatch,Exception,5,39,Outside SLA,Pending,Critical,0,Matched,0.0,Matched,Matched,,55,SLA Breach | Account Mismatch,High
AT00413,CL31135,ETFs,SPDR S&P 500 ETF,SPY,347,347,207011.58,207011.58,Itaú Custódia,BNY Mellon,External,Outbound,2026-08-24,2026-08-26,2026-08-26,Completed,Completed,Medium,Settlement,True,False,,Completed,5,26,Within SLA,Matched,Low,0,Matched,0.0,Matched,Matched,,0,No Active Risk,Low
AT00414,CL58878,Funds,Emerging Markets Fund,EMF,1381,1381,160272.97,160272.97,J.P. Morgan,BNY Mellon,External,Outbound,2026-08-10,2026-08-14,,Approval,Exception,Medium,Reconciliation,False,True,Settlement Delay,Exception,5,40,Outside SLA,Pending,Critical,0,Matched,0.0,Matched,Matched,,55,SLA Breach | Settlement Delay,High
AT00415,CL94835,Bonds,US Treasury 5Y,UST5Y,468,468,448327.82,448327.82,Itaú Custódia,BNY Mellon,External,Outbound,2026-09-14,2026-09-15,,Validation,In Progress,High,Transfers,True,False,,Pending Approval,5,5,Within SLA,Pending,Medium,0,Matched,0.0,Matched,Matched,,15,High Priority,Low
AT00416,CL50380,Equities,NVIDIA Corp.,NVDA,1815,1815,454998.2,454998.2,J.P. Morgan,Northern Trust,Internal,Inbound,2026-09-07,2026-09-12,2026-09-12,Completed,Completed,Low,Custody Operations,True,False,,Completed,2,12,Within SLA,Matched,Low,0,Matched,0.0,Matched,Matched,,0,No Active Risk,Low
AT00417,CL98744,Equities,Alphabet Inc.,GOOGL,3241,3241,445645.66,445645.66,State Street,J.P. Morgan,External,Outbound,2026-08-10,2026-08-14,2026-08-14,Completed,Exception,High,Reconciliation,False,True,Missing Documentation,Exception,5,40,Outside SLA,Pending,Critical,0,Matched,0.0,Matched,Matched,,70,SLA Breach | Missing Documentation | High Priority,Critical
AT00418,CL50381,Funds,Emerging Markets Fund,EMF,767,767,45118.87,45118.87,Northern Trust,Itaú Custódia,External,Outbound,2026-08-11,2026-08-15,,Sent to Custodian,In Progress,High,Transfers,True,False,,In Transit,5,39,Outside SLA,Pending,High,0,Matched,0.0,Matched,Matched,,45,SLA Breach | High Priority,High
AT00419,CL28827,ETFs,Invesco QQQ,QQQ,3898,3898,2313893.09,2313893.09,Itaú Custódia,State Street,Internal,Outbound,2026-08-06,2026-08-07,2026-08-07,Completed,Completed,High,Custody Operations,True,False,,Completed,2,44,Within SLA,Matched,Medium,0,Matched,0.0,Matched,Matched,,15,High Priority,Low
AT00420,CL84437,ETFs,SPDR S&P 500 ETF,SPY,1533,1533,778390.02,778390.02,State Street,Itaú Custódia,Internal,Outbound,2026-09-07,2026-09-10,2026-09-11,Completed,Completed,Low,Settlement,True,False,,Completed,2,12,Within SLA,Matched,Low,0,Matched,0.0,Matched,Matched,,0,No Active Risk,Low
AT00421,CL44429,Bonds,Brazilian Government Bond,BRGOV,437,437,448935.42,448935.42,J.P. Morgan,Northern Trust,External,Inbound,2026-09-01,2026-09-03,2026-09-03,Completed,Completed,Low,Reconciliation,True,False,,Completed,5,18,Within SLA,Matched,Low,0,Matched,0.0,Matched,Matched,,0,No Active Risk,Low
AT00422,CL86161,Funds,Emerging Markets Fund,EMF,3622,3622,638566.8,638566.8,Northern Trust,J.P. Morgan,External,Inbound,2026-08-17,2026-08-19,2026-08-19,Completed,Completed,High,Settlement,True,False,,Completed,5,33,Within SLA,Matched,Medium,0,Matched,0.0,Matched,Matched,,15,High Priority,Low
AT00423,CL56843,ETFs,SPDR S&P 500 ETF,SPY,2243,2243,557699.29,557699.29,State Street,J.P. Morgan,External,Outbound,2026-09-03,2026-09-04,2026-09-04,Completed,Completed,High,Settlement,True,False,,Completed,5,16,Within SLA,Matched,Medium,0,Matched,0.0,Matched,Matched,,15,High Priority,Low
AT00424,CL81265,Bonds,US Treasury 5Y,UST5Y,433,433,462876.56,462876.56,State Street,Northern Trust,External,Inbound,2026-09-04,2026-09-09,2026-09-09,Completed,Exception,Medium,Reconciliation,False,True,Missing Documentation,Exception,5,15,Outside SLA,Pending,Critical,0,Matched,0.0,Matched,Matched,,55,SLA Breach | Missing Documentation,High
AT00425,CL58891,Funds,Global Fixed Income Fund,GIF,2837,2837,527010.56,527010.56,BNY Mellon,J.P. Morgan,Internal,Inbound,2026-09-02,2026-09-04,,Reconciliation,In Progress,High,Transfers,True,False,,Pending Reconciliation,2,17,Outside SLA,Pending,High,0,Matched,0.0,Matched,Matched,,45,SLA Breach | High Priority,High
AT00426,CL64702,Funds,Global Equity Fund,GEF,1004,1004,168061.62,168061.62,J.P. Morgan,Itaú Custódia,External,Outbound,2026-09-14,2026-09-17,2026-09-18,Completed,Completed,High,Reconciliation,True,False,,Completed,5,5,Within SLA,Matched,Medium,0,Matched,0.0,Matched,Matched,,15,High Priority,Low
AT00427,CL32571,Bonds,US Treasury 10Y,UST10Y,391,391,415599.7,415599.7,BNY Mellon,State Street,Internal,Inbound,2026-08-20,2026-08-22,2026-08-22,Completed,Completed,Low,Transfers,True,False,,Completed,2,30,Within SLA,Matched,Low,0,Matched,0.0,Matched,Matched,,0,No Active Risk,Low
AT00428,CL12464,Funds,Global Fixed Income Fund,GIF,398,398,22026.59,22026.59,J.P. Morgan,BNY Mellon,External,Inbound,2026-08-17,2026-08-18,2026-08-18,Completed,Completed,Low,Settlement,True,False,,Completed,5,33,Within SLA,Matched,Low,0,Matched,0.0,Matched,Matched,,0,No Active Risk,Low
AT00429,CL87018,ETFs,SPDR S&P 500 ETF,SPY,2889,2889,190941.27,190941.27,BNY Mellon,Northern Trust,External,Outbound,2026-08-11,2026-08-16,,In Transit,In Progress,High,Transfers,True,False,,In Transit,5,39,Outside SLA,Pending,High,0,Matched,0.0,Matched,Matched,,45,SLA Breach | High Priority,High
AT00430,CL22989,Equities,Alphabet Inc.,GOOGL,1787,1787,664969.93,664969.93,State Street,BNY Mellon,Internal,Inbound,2026-08-14,2026-08-19,,Sent to Custodian,In Progress,High,Settlement,True,False,,In Transit,2,36,Outside SLA,Pending,High,0,Matched,0.0,Matched,Matched,,45,SLA Breach | High Priority,High
AT00431,CL67627,Equities,Microsoft Corp.,MSFT,2916,2916,1433463.34,1433463.34,Northern Trust,BNY Mellon,Internal,Outbound,2026-08-08,2026-08-11,2026-08-11,Completed,Completed,Medium,Reconciliation,True,False,,Completed,2,42,Within SLA,Matched,Low,0,Matched,0.0,Matched,Matched,,0,No Active Risk,Low
AT00432,CL47784,Equities,Apple Inc.,AAPL,2697,2697,734044.54,734044.54,Northern Trust,State Street,External,Outbound,2026-09-13,2026-09-17,2026-09-18,Completed,Completed,Medium,Settlement,True,False,,Completed,5,6,Within SLA,Matched,Low,0,Matched,0.0,Matched,Matched,,0,No Active Risk,Low
AT00433,CL19123,Funds,Emerging Markets Fund,EMF,3060,3060,159956.94,159956.94,Northern Trust,J.P. Morgan,External,Outbound,2026-09-03,2026-09-04,2026-09-05,Completed,Completed,High,Transfers,True,False,,Completed,5,16,Within SLA,Matched,Medium,0,Matched,0.0,Matched,Matched,,15,High Priority,Low
AT00434,CL32114,Equities,Amazon.com Inc.,AMZN,1640,1640,331910.15,331910.15,Itaú Custódia,Northern Trust,Internal,Inbound,2026-08-28,2026-09-01,2026-09-01,Completed,Completed,High,Custody Operations,True,False,,Completed,2,22,Within SLA,Matched,Medium,0,Matched,0.0,Matched,Matched,,15,High Priority,Low
AT00435,CL56674,Funds,Emerging Markets Fund,EMF,4991,4991,953405.71,953405.71,Northern Trust,State Street,Internal,Outbound,2026-08-07,2026-08-08,2026-08-09,Completed,Completed,Low,Transfers,True,False,,Completed,2,43,Within SLA,Matched,Low,0,Matched,0.0,Matched,Matched,,0,No Active Risk,Low
AT00436,CL23055,Equities,Apple Inc.,AAPL,4090,4090,1452556.74,1452556.74,BNY Mellon,Itaú Custódia,External,Inbound,2026-08-20,2026-08-25,2026-08-25,Completed,Completed,High,Custody Operations,True,False,,Completed,5,30,Within SLA,Matched,Medium,0,Matched,0.0,Matched,Matched,,15,High Priority,Low
AT00437,CL71082,ETFs,Invesco QQQ,QQQ,4088,4088,1306678.91,1306678.91,State Street,Northern Trust,Internal,Inbound,2026-08-28,2026-08-29,2026-08-29,Completed,Completed,Medium,Custody Operations,True,False,,Completed,2,22,Within SLA,Matched,Low,0,Matched,0.0,Matched,Matched,,0,No Active Risk,Low
AT00438,CL14716,Equities,Microsoft Corp.,MSFT,4570,4570,1584578.78,1584578.78,State Street,BNY Mellon,External,Outbound,2026-08-09,2026-08-12,,Sent to Custodian,In Progress,High,Custody Operations,True,False,,In Transit,5,41,Outside SLA,Pending,High,0,Matched,0.0,Matched,Matched,,45,SLA Breach | High Priority,High
AT00439,CL96517,Funds,Global Fixed Income Fund,GIF,4655,4655,808961.1,808961.1,Itaú Custódia,J.P. Morgan,External,Outbound,2026-09-01,2026-09-06,,Reconciliation,Exception,High,Transfers,True,True,Custodian Rejection,Exception,5,18,Outside SLA,Pending,Critical,0,Matched,0.0,Matched,Matched,,70,SLA Breach | Custodian Rejection | High Priority,Critical
AT00440,CL13689,Equities,Microsoft Corp.,MSFT,3011,3011,623260.6,623260.6,Itaú Custódia,J.P. Morgan,External,Outbound,2026-08-07,2026-08-11,2026-08-11,Completed,Completed,Low,Settlement,True,False,,Completed,5,43,Within SLA,Matched,Low,0,Matched,0.0,Matched,Matched,,0,No Active Risk,Low
AT00441,CL42455,ETFs,iShares MSCI Brazil ETF,EWZ,2566,2566,964539.94,964539.94,J.P. Morgan,Northern Trust,Internal,Outbound,2026-08-11,2026-08-12,2026-08-12,Completed,Completed,Medium,Custody Operations,True,False,,Completed,2,39,Within SLA,Matched,Low,0,Matched,0.0,Matched,Matched,,0,No Active Risk,Low
AT00442,CL44946,Equities,NVIDIA Corp.,NVDA,4826,4826,289590.9,289590.9,State Street,Itaú Custódia,External,Outbound,2026-09-06,2026-09-07,,Validation,In Progress,Low,Reconciliation,True,False,,Pending Approval,5,13,Outside SLA,Pending,High,0,Matched,0.0,Matched,Matched,,30,SLA Breach,Medium
AT00443,CL75107,Bonds,US Treasury 10Y,UST10Y,324,324,311008.95,311008.95,Northern Trust,BNY Mellon,External,Inbound,2026-09-04,2026-09-06,2026-09-06,Completed,Completed,High,Custody Operations,True,False,,Completed,5,15,Within SLA,Matched,Medium,0,Matched,0.0,Matched,Matched,,15,High Priority,Low
AT00444,CL39607,Equities,Alphabet Inc.,GOOGL,786,786,248642.53,248642.53,State Street,J.P. Morgan,External,Outbound,2026-08-14,2026-08-17,,Settlement,In Progress,High,Reconciliation,True,False,,Pending Settlement,5,36,Outside SLA,Pending,High,0,Matched,0.0,Matched,Matched,,45,SLA Breach | High Priority,High
AT00445,CL66742,Bonds,US Treasury 10Y,UST10Y,222,222,217662.16,217662.16,Itaú Custódia,Northern Trust,Internal,Inbound,2026-09-10,2026-09-15,,In Transit,In Progress,High,Custody Operations,True,False,,In Transit,2,9,Outside SLA,Pending,High,0,Matched,0.0,Matched,Matched,,45,SLA Breach | High Priority,High
AT00446,CL45118,Funds,Emerging Markets Fund,EMF,540,540,61564.6,61564.6,State Street,Itaú Custódia,Internal,Inbound,2026-08-10,2026-08-13,,Sent to Custodian,In Progress,Low,Settlement,True,False,,In Transit,2,40,Outside SLA,Pending,High,0,Matched,0.0,Matched,Matched,,30,SLA Breach,Medium
AT00447,CL64059,Bonds,US Treasury 5Y,UST5Y,340,340,316919.73,316919.73,Itaú Custódia,BNY Mellon,External,Inbound,2026-08-08,2026-08-10,2026-08-10,Completed,Completed,Medium,Custody Operations,True,False,,Completed,5,42,Within SLA,Matched,Low,0,Matched,0.0,Matched,Matched,,0,No Active Risk,Low
AT00448,CL73620,Funds,Global Fixed Income Fund,GIF,353,353,19894.48,19894.48,State Street,BNY Mellon,Internal,Outbound,2026-08-18,2026-08-23,2026-08-23,Completed,Completed,Medium,Transfers,True,False,,Completed,2,32,Within SLA,Matched,Low,0,Matched,0.0,Matched,Matched,,0,No Active Risk,Low
AT00449,CL17251,Equities,Amazon.com Inc.,AMZN,4938,4938,909039.52,909039.52,J.P. Morgan,Itaú Custódia,External,Inbound,2026-08-26,2026-08-28,2026-08-28,Completed,Completed,High,Reconciliation,True,False,,Completed,5,24,Within SLA,Matched,Medium,0,Matched,0.0,Matched,Matched,,15,High Priority,Low
AT00450,CL75070,Equities,Microsoft Corp.,MSFT,4923,4923,517035.98,517035.98,State Street,Northern Trust,External,Inbound,2026-08-28,2026-08-30,2026-08-30,Completed,Completed,Medium,Custody Operations,True,False,,Completed,5,22,Within SLA,Matched,Low,0,Matched,0.0,Matched,Matched,,0,No Active Risk,Low
AT00451,CL63526,Bonds,Brazilian Government Bond,BRGOV,38,38,37926.73,37926.73,State Street,J.P. Morgan,External,Outbound,2026-08-31,2026-09-02,,Approval,Exception,High,Reconciliation,True,True,Settlement Delay,Exception,5,19,Outside SLA,Pending,Critical,0,Matched,0.0,Matched,Matched,,70,SLA Breach | Settlement Delay | High Priority,Critical
AT00452,CL12762,Equities,Apple Inc.,AAPL,1973,1973,323260.86,323260.86,Northern Trust,State Street,External,Inbound,2026-09-04,2026-09-06,,Sent to Custodian,Exception,High,Reconciliation,False,True,Missing Documentation,Exception,5,15,Outside SLA,Pending,Critical,0,Matched,0.0,Matched,Matched,,70,SLA Breach | Missing Documentation | High Priority,Critical
AT00453,CL49438,Equities,Microsoft Corp.,MSFT,2446,2446,353872.41,353872.41,BNY Mellon,Itaú Custódia,External,Outbound,2026-08-03,2026-08-06,,Reconciliation,In Progress,Medium,Custody Operations,True,False,,Pending Reconciliation,5,47,Outside SLA,Pending,High,0,Matched,0.0,Matched,Matched,,30,SLA Breach,Medium
AT00454,CL64127,Bonds,Brazilian Government Bond,BRGOV,226,226,243029.61,243029.61,J.P. Morgan,State Street,External,Inbound,2026-08-23,2026-08-27,2026-08-27,Completed,Completed,Low,Transfers,True,False,,Completed,5,27,Within SLA,Matched,Low,0,Matched,0.0,Matched,Matched,,0,No Active Risk,Low
AT00455,CL94066,ETFs,iShares MSCI Brazil ETF,EWZ,3642,3642,1766590.8,1766590.8,BNY Mellon,J.P. Morgan,External,Inbound,2026-09-10,2026-09-13,2026-09-13,Completed,Completed,Low,Settlement,True,False,,Completed,5,9,Within SLA,Matched,Low,0,Matched,0.0,Matched,Matched,,0,No Active Risk,Low
AT00456,CL87858,Funds,Global Fixed Income Fund,GIF,3748,3748,397684.49,397684.49,BNY Mellon,Northern Trust,Internal,Outbound,2026-08-19,2026-08-21,2026-08-21,Completed,Completed,Medium,Settlement,True,False,,Completed,2,31,Within SLA,Matched,Low,0,Matched,0.0,Matched,Matched,,0,No Active Risk,Low
AT00457,CL12717,Equities,Alphabet Inc.,GOOGL,1883,1883,862564.92,862564.92,Northern Trust,BNY Mellon,External,Inbound,2026-08-04,2026-08-08,2026-08-08,Completed,Completed,Medium,Settlement,True,False,,Completed,5,46,Within SLA,Matched,Low,0,Matched,0.0,Matched,Matched,,0,No Active Risk,Low
AT00458,CL84349,Equities,Apple Inc.,AAPL,4317,4317,1061211.12,1061211.12,Northern Trust,Itaú Custódia,Internal,Inbound,2026-09-15,2026-09-17,2026-09-17,Completed,Completed,Medium,Custody Operations,True,False,,Completed,2,4,Within SLA,Matched,Low,0,Matched,0.0,Matched,Matched,,0,No Active Risk,Low
AT00459,CL27065,Funds,Global Equity Fund,GEF,4965,4965,291951.87,291951.87,State Street,BNY Mellon,External,Inbound,2026-08-27,2026-08-29,2026-08-29,Completed,Completed,Medium,Settlement,True,False,,Completed,5,23,Within SLA,Matched,Low,0,Matched,0.0,Matched,Matched,,0,No Active Risk,Low
AT00460,CL58449,Funds,Global Equity Fund,GEF,134,134,13989.42,13989.42,State Street,Itaú Custódia,Internal,Outbound,2026-09-15,2026-09-19,,Registered,Exception,Medium,Transfers,False,True,Missing Documentation,Exception,2,4,Outside SLA,Pending,Critical,0,Matched,0.0,Matched,Matched,,55,SLA Breach | Missing Documentation,High
AT00461,CL16830,Bonds,US Treasury 10Y,UST10Y,251,251,271492.97,271492.97,Itaú Custódia,J.P. Morgan,Internal,Outbound,2026-09-02,2026-09-07,2026-09-08,Completed,Completed,Low,Transfers,True,False,,Completed,2,17,Within SLA,Matched,Low,0,Matched,0.0,Matched,Matched,,0,No Active Risk,Low
AT00462,CL86085,ETFs,Invesco QQQ,QQQ,1401,1401,458212.04,458212.04,State Street,Itaú Custódia,Internal,Inbound,2026-08-21,2026-08-26,2026-08-26,Completed,Completed,Low,Settlement,True,False,,Completed,2,29,Within SLA,Matched,Low,0,Matched,0.0,Matched,Matched,,0,No Active Risk,Low
AT00463,CL75432,Bonds,Brazilian Government Bond,BRGOV,194,194,210538.0,210538.0,State Street,Northern Trust,External,Outbound,2026-08-28,2026-08-30,2026-08-31,Completed,Completed,Low,Custody Operations,True,False,,Completed,5,22,Within SLA,Matched,Low,0,Matched,0.0,Matched,Matched,,0,No Active Risk,Low
AT00464,CL16975,ETFs,SPDR S&P 500 ETF,SPY,457,457,80625.45,80625.45,J.P. Morgan,Itaú Custódia,External,Inbound,2026-09-15,2026-09-19,2026-09-20,Completed,Exception,High,Custody Operations,False,True,Missing Documentation,Exception,5,4,Within SLA,Pending,High,0,Matched,0.0,Matched,Matched,,40,Missing Documentation | High Priority,Medium
AT00465,CL69999,Funds,Global Equity Fund,GEF,1262,1262,53329.3,53329.3,J.P. Morgan,State Street,External,Inbound,2026-08-11,2026-08-16,,In Transit,In Progress,High,Settlement,True,False,,In Transit,5,39,Outside SLA,Pending,High,0,Matched,0.0,Matched,Matched,,45,SLA Breach | High Priority,High
AT00466,CL86486,Equities,Alphabet Inc.,GOOGL,4685,4685,614934.27,614934.27,J.P. Morgan,State Street,External,Inbound,2026-08-22,2026-08-23,2026-08-23,Completed,Completed,High,Transfers,True,False,,Completed,5,28,Within SLA,Matched,Medium,0,Matched,0.0,Matched,Matched,,15,High Priority,Low
AT00467,CL52406,ETFs,SPDR S&P 500 ETF,SPY,674,674,204308.44,204308.44,Northern Trust,Itaú Custódia,External,Inbound,2026-08-22,2026-08-23,2026-08-24,Completed,Completed,High,Settlement,True,False,,Completed,5,28,Within SLA,Matched,Medium,0,Matched,0.0,Matched,Matched,,15,High Priority,Low
AT00468,CL37704,Equities,Amazon.com Inc.,AMZN,2657,2657,1087154.43,1087154.43,J.P. Morgan,Itaú Custódia,Internal,Outbound,2026-08-17,2026-08-19,2026-08-20,Completed,Completed,Low,Settlement,True,False,,Completed,2,33,Within SLA,Matched,Low,0,Matched,0.0,Matched,Matched,,0,No Active Risk,Low
AT00469,CL60921,Funds,Global Fixed Income Fund,GIF,1312,1312,54721.36,54721.36,Northern Trust,Itaú Custódia,External,Inbound,2026-08-23,2026-08-24,,In Transit,In Progress,Medium,Custody Operations,True,False,,In Transit,5,27,Outside SLA,Pending,High,0,Matched,0.0,Matched,Matched,,30,SLA Breach,Medium
AT00470,CL72447,Bonds,Brazilian Government Bond,BRGOV,317,317,312122.67,312122.67,Northern Trust,State Street,Internal,Outbound,2026-09-10,2026-09-14,2026-09-14,Completed,Completed,High,Settlement,True,False,,Completed,2,9,Within SLA,Matched,Medium,0,Matched,0.0,Matched,Matched,,15,High Priority,Low
AT00471,CL94883,ETFs,Invesco QQQ,QQQ,4329,4329,1715399.89,1715399.89,Itaú Custódia,J.P. Morgan,External,Outbound,2026-08-28,2026-08-29,,Settlement,Exception,Medium,Reconciliation,True,True,Account Mismatch,Exception,5,22,Outside SLA,Pending,Critical,0,Matched,0.0,Matched,Matched,,55,SLA Breach | Account Mismatch,High
AT00472,CL42591,Funds,Global Fixed Income Fund,GIF,4707,4707,134578.26,134578.26,J.P. Morgan,BNY Mellon,Internal,Outbound,2026-08-27,2026-08-28,2026-08-28,Completed,Completed,High,Transfers,True,False,,Completed,2,23,Within SLA,Matched,Medium,0,Matched,0.0,Matched,Matched,,15,High Priority,Low
AT00473,CL75987,Equities,Apple Inc.,AAPL,3801,3801,497165.05,497165.05,BNY Mellon,Itaú Custódia,Internal,Inbound,2026-08-27,2026-08-30,2026-08-31,Completed,Completed,Medium,Reconciliation,True,False,,Completed,2,23,Within SLA,Matched,Low,0,Matched,0.0,Matched,Matched,,0,No Active Risk,Low
AT00474,CL54739,ETFs,SPDR S&P 500 ETF,SPY,1526,1526,141950.49,141950.49,Itaú Custódia,State Street,Internal,Outbound,2026-09-04,2026-09-05,2026-09-05,Completed,Exception,Medium,Custody Operations,False,True,Missing Documentation,Exception,2,15,Outside SLA,Pending,Critical,0,Matched,0.0,Matched,Matched,,55,SLA Breach | Missing Documentation,High
AT00475,CL70314,Funds,Emerging Markets Fund,EMF,4980,4980,750306.98,750306.98,State Street,Northern Trust,External,Outbound,2026-08-06,2026-08-08,2026-08-08,Completed,Completed,Low,Settlement,True,False,,Completed,5,44,Within SLA,Matched,Low,0,Matched,0.0,Matched,Matched,,0,No Active Risk,Low
AT00476,CL13514,ETFs,Invesco QQQ,QQQ,1199,1199,488420.93,488420.93,Northern Trust,BNY Mellon,Internal,Outbound,2026-08-30,2026-09-01,2026-09-01,Completed,Completed,Low,Custody Operations,True,False,,Completed,2,20,Within SLA,Matched,Low,0,Matched,0.0,Matched,Matched,,0,No Active Risk,Low
AT00477,CL73576,Funds,Global Equity Fund,GEF,3732,3732,467771.6,467771.6,BNY Mellon,Northern Trust,External,Inbound,2026-08-22,2026-08-23,2026-08-24,Completed,Completed,Medium,Reconciliation,True,False,,Completed,5,28,Within SLA,Matched,Low,0,Matched,0.0,Matched,Matched,,0,No Active Risk,Low
AT00478,CL14851,Funds,Global Fixed Income Fund,GIF,4032,4032,453213.05,453213.05,Itaú Custódia,Northern Trust,Internal,Inbound,2026-09-03,2026-09-04,2026-09-04,Completed,Completed,Medium,Custody Operations,True,False,,Completed,2,16,Within SLA,Matched,Low,0,Matched,0.0,Matched,Matched,,0,No Active Risk,Low
AT00479,CL72041,Equities,NVIDIA Corp.,NVDA,2850,2850,717477.32,717477.32,Northern Trust,J.P. Morgan,Internal,Outbound,2026-08-13,2026-08-17,2026-08-17,Completed,Completed,High,Reconciliation,True,False,,Completed,2,37,Within SLA,Matched,Medium,0,Matched,0.0,Matched,Matched,,15,High Priority,Low
AT00480,CL88918,Funds,Global Equity Fund,GEF,2453,2453,368291.21,368291.21,Northern Trust,Itaú Custódia,External,Outbound,2026-08-11,2026-08-16,2026-08-16,Completed,Completed,Low,Settlement,True,False,,Completed,5,39,Within SLA,Matched,Low,0,Matched,0.0,Matched,Matched,,0,No Active Risk,Low
AT00481,CL36146,ETFs,iShares MSCI Brazil ETF,EWZ,4041,4041,426313.58,426313.58,Northern Trust,Itaú Custódia,External,Inbound,2026-08-14,2026-08-19,2026-08-19,Completed,Completed,Medium,Reconciliation,True,False,,Completed,5,36,Within SLA,Matched,Low,0,Matched,0.0,Matched,Matched,,0,No Active Risk,Low
AT00482,CL98726,ETFs,SPDR S&P 500 ETF,SPY,4134,4134,279390.21,279390.21,J.P. Morgan,Northern Trust,External,Inbound,2026-09-09,2026-09-11,2026-09-11,Completed,Completed,Medium,Reconciliation,True,False,,Completed,5,10,Within SLA,Matched,Low,0,Matched,0.0,Matched,Matched,,0,No Active Risk,Low
AT00483,CL16117,Bonds,US Treasury 10Y,UST10Y,446,446,462960.09,462960.09,Itaú Custódia,J.P. Morgan,Internal,Outbound,2026-08-30,2026-08-31,,Reconciliation,Exception,Medium,Transfers,False,True,Missing Documentation,Exception,2,20,Outside SLA,Pending,Critical,0,Matched,0.0,Matched,Matched,,55,SLA Breach | Missing Documentation,High
AT00484,CL76493,Equities,Microsoft Corp.,MSFT,977,977,431727.76,431727.76,State Street,BNY Mellon,External,Outbound,2026-09-02,2026-09-06,,Validation,In Progress,Medium,Reconciliation,True,False,,Pending Approval,5,17,Outside SLA,Pending,High,0,Matched,0.0,Matched,Matched,,30,SLA Breach,Medium
AT00485,CL28058,Equities,Microsoft Corp.,MSFT,3607,3607,1754215.76,1754215.76,J.P. Morgan,State Street,External,Outbound,2026-08-19,2026-08-24,2026-08-24,Completed,Completed,Medium,Reconciliation,True,False,,Completed,5,31,Within SLA,Matched,Low,0,Matched,0.0,Matched,Matched,,0,No Active Risk,Low
AT00486,CL92502,ETFs,SPDR S&P 500 ETF,SPY,4348,4348,1225906.49,1225906.49,BNY Mellon,State Street,External,Outbound,2026-08-27,2026-08-31,,Reconciliation,Exception,High,Custody Operations,True,True,Custodian Rejection,Exception,5,23,Outside SLA,Pending,Critical,0,Matched,0.0,Matched,Matched,,70,SLA Breach | Custodian Rejection | High Priority,Critical
AT00487,CL29082,Equities,Alphabet Inc.,GOOGL,580,580,51127.11,51127.11,State Street,Itaú Custódia,Internal,Outbound,2026-08-04,2026-08-08,,Settlement,In Progress,Low,Transfers,True,False,,Pending Settlement,2,46,Outside SLA,Pending,High,0,Matched,0.0,Matched,Matched,,30,SLA Breach,Medium
AT00488,CL92786,Bonds,US Treasury 5Y,UST5Y,215,215,231588.66,231588.66,Itaú Custódia,State Street,External,Outbound,2026-08-01,2026-08-04,,Reconciliation,Exception,High,Custody Operations,True,True,Settlement Delay,Exception,5,49,Outside SLA,Pending,Critical,0,Matched,0.0,Matched,Matched,,70,SLA Breach | Settlement Delay | High Priority,Critical
AT00489,CL94394,ETFs,iShares MSCI Brazil ETF,EWZ,3632,3632,1574868.0,1574868.0,Northern Trust,BNY Mellon,External,Inbound,2026-08-03,2026-08-08,2026-08-08,Completed,Completed,High,Reconciliation,True,False,,Completed,5,47,Within SLA,Matched,Medium,0,Matched,0.0,Matched,Matched,,15,High Priority,Low
AT00490,CL38014,Equities,Alphabet Inc.,GOOGL,4530,4530,863026.55,863026.55,State Street,BNY Mellon,Internal,Inbound,2026-09-04,2026-09-09,2026-09-09,Completed,Completed,High,Transfers,True,False,,Completed,2,15,Within SLA,Matched,Medium,0,Matched,0.0,Matched,Matched,,15,High Priority,Low
AT00491,CL17857,Bonds,US Treasury 5Y,UST5Y,331,331,331496.46,331496.46,J.P. Morgan,BNY Mellon,Internal,Outbound,2026-08-20,2026-08-25,,Sent to Custodian,In Progress,Low,Settlement,True,False,,In Transit,2,30,Outside SLA,Pending,High,0,Matched,0.0,Matched,Matched,,30,SLA Breach,Medium
AT00492,CL55919,Bonds,US Treasury 5Y,UST5Y,351,351,370992.21,370992.21,Itaú Custódia,BNY Mellon,External,Inbound,2026-08-07,2026-08-10,2026-08-10,Completed,Completed,Medium,Custody Operations,True,False,,Completed,5,43,Within SLA,Matched,Low,0,Matched,0.0,Matched,Matched,,0,No Active Risk,Low
AT00493,CL22843,ETFs,iShares MSCI Brazil ETF,EWZ,3497,3497,1768225.51,1768225.51,J.P. Morgan,BNY Mellon,Internal,Outbound,2026-08-09,2026-08-13,2026-08-13,Completed,Completed,High,Custody Operations,True,False,,Completed,2,41,Within SLA,Matched,Medium,0,Matched,0.0,Matched,Matched,,15,High Priority,Low
AT00494,CL87101,Funds,Global Fixed Income Fund,GIF,4836,4836,530939.19,530939.19,Northern Trust,Itaú Custódia,External,Outbound,2026-08-11,2026-08-13,2026-08-14,Completed,Completed,Low,Transfers,True,False,,Completed,5,39,Within SLA,Matched,Low,0,Matched,0.0,Matched,Matched,,0,No Active Risk,Low
AT00495,CL37871,Funds,Global Fixed Income Fund,GIF,317,317,48935.08,48935.08,Itaú Custódia,State Street,Internal,Outbound,2026-08-08,2026-08-09,2026-08-09,Completed,Exception,High,Transfers,False,True,Missing Documentation,Exception,2,42,Outside SLA,Pending,Critical,0,Matched,0.0,Matched,Matched,,70,SLA Breach | Missing Documentation | High Priority,Critical
AT00496,CL58688,Bonds,US Treasury 5Y,UST5Y,165,165,158201.38,158201.38,J.P. Morgan,State Street,Internal,Outbound,2026-08-04,2026-08-07,,Approval,In Progress,High,Custody Operations,True,False,,Pending Approval,2,46,Outside SLA,Pending,High,0,Matched,0.0,Matched,Matched,,45,SLA Breach | High Priority,High
AT00497,CL10273,Equities,Alphabet Inc.,GOOGL,2866,2866,230437.99,230437.99,J.P. Morgan,Itaú Custódia,External,Outbound,2026-09-06,2026-09-10,,Settlement,Exception,Medium,Settlement,True,True,Settlement Delay,Exception,5,13,Outside SLA,Pending,Critical,0,Matched,0.0,Matched,Matched,,55,SLA Breach | Settlement Delay,High
AT00498,CL28156,Funds,Global Fixed Income Fund,GIF,3728,3728,174533.28,174533.28,State Street,J.P. Morgan,External,Outbound,2026-08-15,2026-08-19,2026-08-19,Completed,Completed,Medium,Reconciliation,True,False,,Completed,5,35,Within SLA,Matched,Low,0,Matched,0.0,Matched,Matched,,0,No Active Risk,Low
AT00499,CL94661,Equities,Microsoft Corp.,MSFT,213,213,65475.7,65475.7,State Street,J.P. Morgan,Internal,Inbound,2026-09-09,2026-09-14,2026-09-14,Completed,Completed,High,Settlement,True,False,,Completed,2,10,Within SLA,Matched,Medium,0,Matched,0.0,Matched,Matched,,15,High Priority,Low
AT00500,CL72368,Equities,Apple Inc.,AAPL,4366,4366,571441.86,571441.86,J.P. Morgan,Northern Trust,Internal,Inbound,2026-09-15,2026-09-20,2026-09-20,Completed,Completed,Low,Custody Operations,True,False,,Completed,2,4,Within SLA,Matched,Low,0,Matched,0.0,Matched,Matched,,0,No Active Risk,Low
